state_family,M,regime,model_type,model_label,M_over_d,_source_csv,benchmark_seed,best_objective_value,bias_scale_init,d,data_seed,dtype,eval_interval,final_objective_value,gap_abs_sdp,instance_id,jax_backend,jax_devices,learning_rate,learning_rate_schedule,max_steps,memory_optimization,n_sys,num_ops,num_restarts,num_steps,observed_restart_count,optimizer_name,p_opt_sdp,p_succ,restart_id,scale_init,seed_opt,state_array_sha256,state_family_label,state_seed,su_depth,termination_reason,theta_dim,theta_dtype,threshold,walsh_degree
haar,16,M=d,full_ucr,full-UCR,1.0,/home/shc/QSD_project/gpu_qsd/results/memopt_haar_wd1_fullucr_nsys4_M16_instances00-09_r5_su61_steps1000_nomemopt/instance00/full_ucr/raw/haar_full_ucr_gpu_results.csv,416000,0.25901705026626587,1.0,16,816000,complex64,50,0.2590378522872925,-8.736258286567988e-06,0,gpu,cuda:0,0.01,constant,1000,schedule_checkpoint_plus_microbatch,4,4995,5,1000,5,adam,0.740953411454421,0.7409621477127075,0,1.0,0,37ece13a3bef9094102a8820571638194e68deea4c98f35a33d4ea46c9b06c46,Haar-random,816000,61,max_steps,4080,float32,1e-06,
haar,16,M=d,walsh_degree_1,WD-1,1.0,/home/shc/QSD_project/gpu_qsd/results/memopt_haar_wd1_fullucr_nsys4_M16_instances00-09_r5_su61_steps1000_nomemopt/instance00/walsh_degree_1/raw/haar_walsh_degree1_gpu_results.csv,416000,0.2590157389640808,1.0,16,816000,complex64,50,0.2590339183807373,-1.267016484174377e-05,0,gpu,cuda:0,0.01,constant,1000,schedule_checkpoint_plus_microbatch,4,4825,5,1000,5,adam,0.740953411454421,0.7409660816192627,3,1.0,3,,Haar-random,816000,61,max_steps,3866,float32,1e-06,1
haar,16,M=d,full_ucr,full-UCR,1.0,/home/shc/QSD_project/gpu_qsd/results/memopt_haar_wd1_fullucr_nsys4_M16_instances00-09_r5_su61_steps1000_nomemopt/instance01/full_ucr/raw/haar_full_ucr_gpu_results.csv,416001,0.2676492929458618,1.0,16,816001,complex64,50,0.26766401529312134,-1.6975011439157583e-05,1,gpu,cuda:0,0.01,constant,1000,schedule_checkpoint_plus_microbatch,4,4995,5,1000,5,adam,0.7323190096954395,0.7323359847068787,4,1.0,4,c2ab03ea65ccc28e086a73c81c58359ee8b775bc6a2c612e5bb0845a0555c769,Haar-random,816001,61,max_steps,4080,float32,1e-06,
haar,16,M=d,walsh_degree_1,WD-1,1.0,/home/shc/QSD_project/gpu_qsd/results/memopt_haar_wd1_fullucr_nsys4_M16_instances00-09_r5_su61_steps1000_nomemopt/instance01/walsh_degree_1/raw/haar_walsh_degree1_gpu_results.csv,416001,0.26764869689941406,1.0,16,816001,complex64,50,0.26770901679992676,2.802649536626234e-05,1,gpu,cuda:0,0.01,constant,1000,schedule_checkpoint_plus_microbatch,4,4825,5,1000,5,adam,0.7323190096954395,0.7322909832000732,3,1.0,3,c2ab03ea65ccc28e086a73c81c58359ee8b775bc6a2c612e5bb0845a0555c769,Haar-random,816001,61,max_steps,3866,float32,1e-06,1
haar,16,M=d,full_ucr,full-UCR,1.0,/home/shc/QSD_project/gpu_qsd/results/memopt_haar_wd1_fullucr_nsys4_M16_instances00-09_r5_su61_steps1000_nomemopt/instance02/full_ucr/raw/haar_full_ucr_gpu_results.csv,416002,0.26914238929748535,1.0,16,816002,complex64,50,0.2691735029220581,1.669730485531762e-05,2,gpu,cuda:0,0.01,constant,1000,schedule_checkpoint_plus_microbatch,4,4995,5,1000,5,adam,0.7308431943827972,0.7308264970779419,3,1.0,3,0d5f5723926efbb27d0e9d3fef2ac64dd73a99258ac93cdf542aeb2ce4a4c5f6,Haar-random,816002,61,max_steps,4080,float32,1e-06,
haar,16,M=d,walsh_degree_1,WD-1,1.0,/home/shc/QSD_project/gpu_qsd/results/memopt_haar_wd1_fullucr_nsys4_M16_instances00-09_r5_su61_steps1000_nomemopt/instance02/walsh_degree_1/raw/haar_walsh_degree1_gpu_results.csv,416002,0.26912903785705566,1.0,16,816002,complex64,50,0.2691839933395386,2.718772233578637e-05,2,gpu,cuda:0,0.01,constant,1000,schedule_checkpoint_plus_microbatch,4,4825,5,1000,5,adam,0.7308431943827972,0.7308160066604614,1,1.0,1,0d5f5723926efbb27d0e9d3fef2ac64dd73a99258ac93cdf542aeb2ce4a4c5f6,Haar-random,816002,61,max_steps,3866,float32,1e-06,1
haar,16,M=d,full_ucr,full-UCR,1.0,/home/shc/QSD_project/gpu_qsd/results/memopt_haar_wd1_fullucr_nsys4_M16_instances00-09_r5_su61_steps1000_nomemopt/instance03/full_ucr/raw/haar_full_ucr_gpu_results.csv,416003,0.23756390810012817,1.0,16,816003,complex64,50,0.23759210109710693,3.4489877523968815e-06,3,gpu,cuda:0,0.01,constant,1000,schedule_checkpoint_plus_microbatch,4,4995,5,1000,5,adam,0.7624113478906455,0.7624078989028931,4,1.0,4,e3b30a2e1ef1b08aebd46774fdfb2bf91efeb44543144cfaf68f08f01e0a7d35,Haar-random,816003,61,max_steps,4080,float32,1e-06,
haar,16,M=d,walsh_degree_1,WD-1,1.0,/home/shc/QSD_project/gpu_qsd/results/memopt_haar_wd1_fullucr_nsys4_M16_instances00-09_r5_su61_steps1000_nomemopt/instance03/walsh_degree_1/raw/haar_walsh_degree1_gpu_results.csv,416003,0.23755431175231934,1.0,16,816003,complex64,50,0.23757123947143555,-1.7412637918989837e-05,3,gpu,cuda:0,0.01,constant,1000,schedule_checkpoint_plus_microbatch,4,4825,5,1000,5,adam,0.7624113478906455,0.7624287605285645,4,1.0,4,e3b30a2e1ef1b08aebd46774fdfb2bf91efeb44543144cfaf68f08f01e0a7d35,Haar-random,816003,61,max_steps,3866,float32,1e-06,1
haar,16,M=d,full_ucr,full-UCR,1.0,/home/shc/QSD_project/gpu_qsd/results/memopt_haar_wd1_fullucr_nsys4_M16_instances00-09_r5_su61_steps1000_nomemopt/instance04/full_ucr/raw/haar_full_ucr_gpu_results.csv,416004,0.261441707611084,1.0,16,816004,complex64,50,0.2614576816558838,-1.3524998524583332e-05,4,gpu,cuda:0,0.01,constant,1000,schedule_checkpoint_plus_microbatch,4,4995,5,1000,5,adam,0.7385287933455916,0.7385423183441162,2,1.0,2,09df0461941a72d12ca467f6876e7a3335b61bb739afa3770f765c5ff718dd33,Haar-random,816004,61,max_steps,4080,float32,1e-06,
haar,16,M=d,walsh_degree_1,WD-1,1.0,/home/shc/QSD_project/gpu_qsd/results/memopt_haar_wd1_fullucr_nsys4_M16_instances00-09_r5_su61_steps1000_nomemopt/instance04/walsh_degree_1/raw/haar_walsh_degree1_gpu_results.csv,416004,0.26143980026245117,1.0,16,816004,complex64,50,0.2614612579345703,-9.948719838059894e-06,4,gpu,cuda:0,0.01,constant,1000,schedule_checkpoint_plus_microbatch,4,4825,5,1000,5,adam,0.7385287933455916,0.7385387420654297,1,1.0,1,09df0461941a72d12ca467f6876e7a3335b61bb739afa3770f765c5ff718dd33,Haar-random,816004,61,max_steps,3866,float32,1e-06,1
haar,16,M=d,full_ucr,full-UCR,1.0,/home/shc/QSD_project/gpu_qsd/results/memopt_haar_wd1_fullucr_nsys4_M16_instances00-09_r5_su61_steps1000_nomemopt/instance05/full_ucr/raw/haar_full_ucr_gpu_results.csv,416005,0.26609158515930176,1.0,16,816005,complex64,50,0.2661060094833374,-3.10911813067305e-05,5,gpu,cuda:0,0.01,constant,1000,schedule_checkpoint_plus_microbatch,4,4995,5,1000,5,adam,0.7338628993353559,0.7338939905166626,3,1.0,3,9c0c4fb93716054945639fd699ed35cbe508a0348ea0759fcb8be142f129556c,Haar-random,816005,61,max_steps,4080,float32,1e-06,
haar,16,M=d,walsh_degree_1,WD-1,1.0,/home/shc/QSD_project/gpu_qsd/results/memopt_haar_wd1_fullucr_nsys4_M16_instances00-09_r5_su61_steps1000_nomemopt/instance05/walsh_degree_1/raw/haar_walsh_degree1_gpu_results.csv,416005,0.26608777046203613,1.0,16,816005,complex64,50,0.2660958766937256,-4.1223970918546904e-05,5,gpu,cuda:0,0.01,constant,1000,schedule_checkpoint_plus_microbatch,4,4825,5,1000,5,adam,0.7338628993353559,0.7339041233062744,1,1.0,1,9c0c4fb93716054945639fd699ed35cbe508a0348ea0759fcb8be142f129556c,Haar-random,816005,61,max_steps,3866,float32,1e-06,1
haar,16,M=d,full_ucr,full-UCR,1.0,/home/shc/QSD_project/gpu_qsd/results/memopt_haar_wd1_fullucr_nsys4_M16_instances00-09_r5_su61_steps1000_nomemopt/instance06/full_ucr/raw/haar_full_ucr_gpu_results.csv,416006,0.2840569019317627,1.0,16,816006,complex64,50,0.28407764434814453,6.754459995605977e-05,6,gpu,cuda:0,0.01,constant,1000,schedule_checkpoint_plus_microbatch,4,4995,5,1000,5,adam,0.7159899002518115,0.7159223556518555,1,1.0,1,4995717b820d0dd15fdfc51ee230b71ee6a5329236ec8ee7c8ec1c48f411ff75,Haar-random,816006,61,max_steps,4080,float32,1e-06,
haar,16,M=d,walsh_degree_1,WD-1,1.0,/home/shc/QSD_project/gpu_qsd/results/memopt_haar_wd1_fullucr_nsys4_M16_instances00-09_r5_su61_steps1000_nomemopt/instance06/walsh_degree_1/raw/haar_walsh_degree1_gpu_results.csv,416006,0.2839779853820801,1.0,16,816006,complex64,50,0.28397804498672485,-3.2054761463617965e-05,6,gpu,cuda:0,0.01,constant,1000,schedule_checkpoint_plus_microbatch,4,4825,5,1000,5,adam,0.7159899002518115,0.7160219550132751,2,1.0,2,4995717b820d0dd15fdfc51ee230b71ee6a5329236ec8ee7c8ec1c48f411ff75,Haar-random,816006,61,max_steps,3866,float32,1e-06,1
haar,16,M=d,full_ucr,full-UCR,1.0,/home/shc/QSD_project/gpu_qsd/results/memopt_haar_wd1_fullucr_nsys4_M16_instances00-09_r5_su61_steps1000_nomemopt/instance07/full_ucr/raw/haar_full_ucr_gpu_results.csv,416007,0.27111828327178955,1.0,16,816007,complex64,50,0.2711396813392639,-4.041115979624976e-06,7,gpu,cuda:0,0.01,constant,1000,schedule_checkpoint_plus_microbatch,4,4995,5,1000,5,adam,0.7288562775447565,0.7288603186607361,4,1.0,4,b577c8eb79a576b9caaad2442bde21814ea93a25303c82691f6d79f9e0054ce1,Haar-random,816007,61,max_steps,4080,float32,1e-06,
haar,16,M=d,walsh_degree_1,WD-1,1.0,/home/shc/QSD_project/gpu_qsd/results/memopt_haar_wd1_fullucr_nsys4_M16_instances00-09_r5_su61_steps1000_nomemopt/instance07/walsh_degree_1/raw/haar_walsh_degree1_gpu_results.csv,416007,0.2711120843887329,1.0,16,816007,complex64,50,0.2711334228515625,-1.0299603681040992e-05,7,gpu,cuda:0,0.01,constant,1000,schedule_checkpoint_plus_microbatch,4,4825,5,1000,5,adam,0.7288562775447565,0.7288665771484375,1,1.0,1,b577c8eb79a576b9caaad2442bde21814ea93a25303c82691f6d79f9e0054ce1,Haar-random,816007,61,max_steps,3866,float32,1e-06,1
haar,16,M=d,full_ucr,full-UCR,1.0,/home/shc/QSD_project/gpu_qsd/results/memopt_haar_wd1_fullucr_nsys4_M16_instances00-09_r5_su61_steps1000_nomemopt/instance08/full_ucr/raw/haar_full_ucr_gpu_results.csv,416008,0.27778351306915283,1.0,16,816008,complex64,50,0.2778036594390869,-2.1404057628515716e-06,8,gpu,cuda:0,0.01,constant,1000,schedule_checkpoint_plus_microbatch,4,4995,5,1000,5,adam,0.7221942001551502,0.7221963405609131,1,1.0,1,7333c23d883caa7675928339af78c379071d6d32f10213fed3cc310195ff8fce,Haar-random,816008,61,max_steps,4080,float32,1e-06,
haar,16,M=d,walsh_degree_1,WD-1,1.0,/home/shc/QSD_project/gpu_qsd/results/memopt_haar_wd1_fullucr_nsys4_M16_instances00-09_r5_su61_steps1000_nomemopt/instance08/walsh_degree_1/raw/haar_walsh_degree1_gpu_results.csv,416008,0.27777183055877686,1.0,16,816008,complex64,50,0.2777930498123169,-1.2750032532871103e-05,8,gpu,cuda:0,0.01,constant,1000,schedule_checkpoint_plus_microbatch,4,4825,5,1000,5,adam,0.7221942001551502,0.7222069501876831,4,1.0,4,7333c23d883caa7675928339af78c379071d6d32f10213fed3cc310195ff8fce,Haar-random,816008,61,max_steps,3866,float32,1e-06,1
haar,16,M=d,full_ucr,full-UCR,1.0,/home/shc/QSD_project/gpu_qsd/results/memopt_haar_wd1_fullucr_nsys4_M16_instances00-09_r5_su61_steps1000_nomemopt/instance09/full_ucr/raw/haar_full_ucr_gpu_results.csv,416009,0.27690672874450684,1.0,16,816009,complex64,50,0.27691328525543213,-1.7742793834596426e-05,9,gpu,cuda:0,0.01,constant,1000,schedule_checkpoint_plus_microbatch,4,4995,5,600,5,adam,0.7230689719507333,0.7230867147445679,1,1.0,1,bf6e967b6d327dada7018fe0fbffb85a93ac480495681be519e2fd0bf9c1017f,Haar-random,816009,61,threshold,4080,float32,1e-06,
haar,16,M=d,walsh_degree_1,WD-1,1.0,/home/shc/QSD_project/gpu_qsd/results/memopt_haar_wd1_fullucr_nsys4_M16_instances00-09_r5_su61_steps1000_nomemopt/instance09/walsh_degree_1/raw/haar_walsh_degree1_gpu_results.csv,416009,0.276894211769104,1.0,16,816009,complex64,50,0.27690547704696655,-2.55510023001726e-05,9,gpu,cuda:0,0.01,constant,1000,schedule_checkpoint_plus_microbatch,4,4825,5,1000,5,adam,0.7230689719507333,0.7230945229530334,0,1.0,0,bf6e967b6d327dada7018fe0fbffb85a93ac480495681be519e2fd0bf9c1017f,Haar-random,816009,61,max_steps,3866,float32,1e-06,1
haar,17,M=d+1,full_ucr,full-UCR,1.0625,/home/shc/QSD_project/gpu_qsd/results/memopt_haar_wd4_fullucr_nsys4_M17_instances00-09_r5_su61_steps1000_nomemopt/instance00/full_ucr/raw/haar_full_ucr_gpu_results.csv,417000,0.28533655405044556,1.0,16,817000,complex64,50,0.2853918671607971,2.9970802464474033e-05,0,gpu,cuda:0,0.01,constant,1000,schedule_checkpoint_plus_microbatch,4,10323,5,1000,5,adam,0.7146381036416674,0.7146081328392029,0,1.0,0,15d19572fa7e2ba6c08db3025d6021c7578580c1dd25e53b95148ce94cb5dbb0,Haar-random,817000,61,max_steps,8432,float32,1e-06,
haar,17,M=d+1,walsh_degree_4,WD-4,1.0625,/home/shc/QSD_project/gpu_qsd/results/memopt_haar_wd4_fullucr_nsys4_M17_instances00-09_r5_su61_steps1000_nomemopt/instance00/walsh_degree_4/raw/haar_walsh_degree4_gpu_results.csv,417000,0.2853242754936218,1.0,16,817000,complex64,50,0.2853473424911499,-1.4553867182742763e-05,0,gpu,cuda:0,0.01,constant,1000,schedule_checkpoint_plus_microbatch,4,12331,5,1000,5,adam,0.7146381036416674,0.7146526575088501,3,1.0,3,15d19572fa7e2ba6c08db3025d6021c7578580c1dd25e53b95148ce94cb5dbb0,Haar-random,817000,61,max_steps,8302,float32,1e-06,4
haar,17,M=d+1,full_ucr,full-UCR,1.0625,/home/shc/QSD_project/gpu_qsd/results/memopt_haar_wd4_fullucr_nsys4_M17_instances00-09_r5_su61_steps1000_nomemopt/instance01/full_ucr/raw/haar_full_ucr_gpu_results.csv,417001,0.3001974821090698,1.0,16,817001,complex64,50,0.3001974821090698,-2.7233990591235546e-05,1,gpu,cuda:0,0.01,constant,1000,schedule_checkpoint_plus_microbatch,4,10323,5,1000,5,adam,0.6997752839003389,0.6998025178909302,3,1.0,3,5b40a237f6e59fbeb92b2010af8eec1f4fb0ffeac6b86ce424c5bee54e07b255,Haar-random,817001,61,max_steps,8432,float32,1e-06,
haar,17,M=d+1,walsh_degree_4,WD-4,1.0625,/home/shc/QSD_project/gpu_qsd/results/memopt_haar_wd4_fullucr_nsys4_M17_instances00-09_r5_su61_steps1000_nomemopt/instance01/walsh_degree_4/raw/haar_walsh_degree4_gpu_results.csv,417001,0.30018502473831177,1.0,16,817001,complex64,50,0.30069494247436523,0.0004702263747041746,1,gpu,cuda:0,0.01,constant,1000,schedule_checkpoint_plus_microbatch,4,12331,5,1000,5,adam,0.6997752839003389,0.6993050575256348,3,1.0,3,5b40a237f6e59fbeb92b2010af8eec1f4fb0ffeac6b86ce424c5bee54e07b255,Haar-random,817001,61,max_steps,8302,float32,1e-06,4
haar,17,M=d+1,full_ucr,full-UCR,1.0625,/home/shc/QSD_project/gpu_qsd/results/memopt_haar_wd4_fullucr_nsys4_M17_instances00-09_r5_su61_steps1000_nomemopt/instance02/full_ucr/raw/haar_full_ucr_gpu_results.csv,417002,0.30117934942245483,1.0,16,817002,complex64,50,0.30132174491882324,0.00011150944879445568,2,gpu,cuda:0,0.01,constant,1000,schedule_checkpoint_plus_microbatch,4,10323,5,1000,5,adam,0.6987897645299712,0.6986782550811768,1,1.0,1,623f24e848505cd3757d4218d4cfba8df71adf8f18743917418da21cea4d6b44,Haar-random,817002,61,max_steps,8432,float32,1e-06,
haar,17,M=d+1,walsh_degree_4,WD-4,1.0625,/home/shc/QSD_project/gpu_qsd/results/memopt_haar_wd4_fullucr_nsys4_M17_instances00-09_r5_su61_steps1000_nomemopt/instance02/walsh_degree_4/raw/haar_walsh_degree4_gpu_results.csv,417002,0.30117666721343994,1.0,16,817002,complex64,50,0.30120551586151123,-4.71960851755604e-06,2,gpu,cuda:0,0.01,constant,1000,schedule_checkpoint_plus_microbatch,4,12331,5,1000,5,adam,0.6987897645299712,0.6987944841384888,2,1.0,2,623f24e848505cd3757d4218d4cfba8df71adf8f18743917418da21cea4d6b44,Haar-random,817002,61,max_steps,8302,float32,1e-06,4
haar,17,M=d+1,full_ucr,full-UCR,1.0625,/home/shc/QSD_project/gpu_qsd/results/memopt_haar_wd4_fullucr_nsys4_M17_instances00-09_r5_su61_steps1000_nomemopt/instance03/full_ucr/raw/haar_full_ucr_gpu_results.csv,417003,0.32024359703063965,1.0,16,817003,complex64,50,0.32027900218963623,6.033043445263786e-05,3,gpu,cuda:0,0.01,constant,1000,schedule_checkpoint_plus_microbatch,4,10323,5,1000,5,adam,0.6797813282448164,0.6797209978103638,0,1.0,0,3f74ca6227a4cb87b5117f703d554960b4a4924ba587a4142e8b0d876bb6bbe0,Haar-random,817003,61,max_steps,8432,float32,1e-06,
haar,17,M=d+1,walsh_degree_4,WD-4,1.0625,/home/shc/QSD_project/gpu_qsd/results/memopt_haar_wd4_fullucr_nsys4_M17_instances00-09_r5_su61_steps1000_nomemopt/instance03/walsh_degree_4/raw/haar_walsh_degree4_gpu_results.csv,417003,0.320185124874115,1.0,16,817003,complex64,50,0.3202902674674988,7.159571231518669e-05,3,gpu,cuda:0,0.01,constant,1000,schedule_checkpoint_plus_microbatch,4,12331,5,1000,5,adam,0.6797813282448164,0.6797097325325012,2,1.0,2,3f74ca6227a4cb87b5117f703d554960b4a4924ba587a4142e8b0d876bb6bbe0,Haar-random,817003,61,max_steps,8302,float32,1e-06,4
haar,17,M=d+1,full_ucr,full-UCR,1.0625,/home/shc/QSD_project/gpu_qsd/results/memopt_haar_wd4_fullucr_nsys4_M17_instances00-09_r5_su61_steps1000_nomemopt/instance04/full_ucr/raw/haar_full_ucr_gpu_results.csv,417004,0.28238534927368164,1.0,16,817004,complex64,50,0.28242260217666626,1.7798543382574472e-05,4,gpu,cuda:0,0.01,constant,1000,schedule_checkpoint_plus_microbatch,4,10323,5,1000,5,adam,0.7175951963667163,0.7175773978233337,1,1.0,1,795ce8e285c3d74035f6599d2b55996ce78b06240697441e5894f5f155ad7534,Haar-random,817004,61,max_steps,8432,float32,1e-06,
haar,17,M=d+1,walsh_degree_4,WD-4,1.0625,/home/shc/QSD_project/gpu_qsd/results/memopt_haar_wd4_fullucr_nsys4_M17_instances00-09_r5_su61_steps1000_nomemopt/instance04/walsh_degree_4/raw/haar_walsh_degree4_gpu_results.csv,417004,0.2823669910430908,1.0,16,817004,complex64,50,0.2825133204460144,0.000108516812730719,4,gpu,cuda:0,0.01,constant,1000,schedule_checkpoint_plus_microbatch,4,12331,5,1000,5,adam,0.7175951963667163,0.7174866795539856,3,1.0,3,795ce8e285c3d74035f6599d2b55996ce78b06240697441e5894f5f155ad7534,Haar-random,817004,61,max_steps,8302,float32,1e-06,4
haar,17,M=d+1,full_ucr,full-UCR,1.0625,/home/shc/QSD_project/gpu_qsd/results/memopt_haar_wd4_fullucr_nsys4_M17_instances00-09_r5_su61_steps1000_nomemopt/instance05/full_ucr/raw/haar_full_ucr_gpu_results.csv,417005,0.2917294502258301,1.0,16,817005,complex64,50,0.29175662994384766,9.010062186121104e-06,5,gpu,cuda:0,0.01,constant,1000,schedule_checkpoint_plus_microbatch,4,10323,5,1000,5,adam,0.7082523801183385,0.7082433700561523,2,1.0,2,a0b89f677a06830469d13aa2b2a320e525ee13d1edddfa21c9db03cbfee8f5cb,Haar-random,817005,61,max_steps,8432,float32,1e-06,
haar,17,M=d+1,walsh_degree_4,WD-4,1.0625,/home/shc/QSD_project/gpu_qsd/results/memopt_haar_wd4_fullucr_nsys4_M17_instances00-09_r5_su61_steps1000_nomemopt/instance05/walsh_degree_4/raw/haar_walsh_degree4_gpu_results.csv,417005,0.29172420501708984,1.0,16,817005,complex64,50,0.29192936420440674,0.00018174432274520314,5,gpu,cuda:0,0.01,constant,1000,schedule_checkpoint_plus_microbatch,4,12331,5,1000,5,adam,0.7082523801183385,0.7080706357955933,1,1.0,1,a0b89f677a06830469d13aa2b2a320e525ee13d1edddfa21c9db03cbfee8f5cb,Haar-random,817005,61,max_steps,8302,float32,1e-06,4
haar,17,M=d+1,full_ucr,full-UCR,1.0625,/home/shc/QSD_project/gpu_qsd/results/memopt_haar_wd4_fullucr_nsys4_M17_instances00-09_r5_su61_steps1000_nomemopt/instance06/full_ucr/raw/haar_full_ucr_gpu_results.csv,417006,0.28709274530410767,1.0,16,817006,complex64,50,0.28710150718688965,-1.5572380658523954e-05,6,gpu,cuda:0,0.01,constant,1000,schedule_checkpoint_plus_microbatch,4,10323,5,1000,5,adam,0.7128829204324518,0.7128984928131104,0,1.0,0,8a8ebb4a22870404d4d3f407b0220ab0aaffd6f53e93e3aa465e953f4af8aae7,Haar-random,817006,61,max_steps,8432,float32,1e-06,
haar,17,M=d+1,walsh_degree_4,WD-4,1.0625,/home/shc/QSD_project/gpu_qsd/results/memopt_haar_wd4_fullucr_nsys4_M17_instances00-09_r5_su61_steps1000_nomemopt/instance06/walsh_degree_4/raw/haar_walsh_degree4_gpu_results.csv,417006,0.287079393863678,1.0,16,817006,complex64,50,0.28711575269699097,-1.326870557205595e-06,6,gpu,cuda:0,0.01,constant,1000,schedule_checkpoint_plus_microbatch,4,12331,5,1000,5,adam,0.7128829204324518,0.712884247303009,2,1.0,2,8a8ebb4a22870404d4d3f407b0220ab0aaffd6f53e93e3aa465e953f4af8aae7,Haar-random,817006,61,max_steps,8302,float32,1e-06,4
haar,17,M=d+1,full_ucr,full-UCR,1.0625,/home/shc/QSD_project/gpu_qsd/results/memopt_haar_wd4_fullucr_nsys4_M17_instances00-09_r5_su61_steps1000_nomemopt/instance07/full_ucr/raw/haar_full_ucr_gpu_results.csv,417007,0.2823147773742676,1.0,16,817007,complex64,50,0.28233301639556885,-1.0704864739308206e-05,7,gpu,cuda:0,0.01,constant,1000,schedule_checkpoint_plus_microbatch,4,10323,5,450,5,adam,0.7176562787396918,0.7176669836044312,3,1.0,3,e9b8283e24bebc765193c4548716dc9caed1b3da66704652bfde075e64cbf980,Haar-random,817007,61,threshold,8432,float32,1e-06,
haar,17,M=d+1,walsh_degree_4,WD-4,1.0625,/home/shc/QSD_project/gpu_qsd/results/memopt_haar_wd4_fullucr_nsys4_M17_instances00-09_r5_su61_steps1000_nomemopt/instance07/walsh_degree_4/raw/haar_walsh_degree4_gpu_results.csv,417007,0.28229522705078125,1.0,16,817007,complex64,50,0.28234124183654785,-2.4794237603043e-06,7,gpu,cuda:0,0.01,constant,1000,schedule_checkpoint_plus_microbatch,4,12331,5,1000,5,adam,0.7176562787396918,0.7176587581634521,3,1.0,3,e9b8283e24bebc765193c4548716dc9caed1b3da66704652bfde075e64cbf980,Haar-random,817007,61,max_steps,8302,float32,1e-06,4
haar,17,M=d+1,full_ucr,full-UCR,1.0625,/home/shc/QSD_project/gpu_qsd/results/memopt_haar_wd4_fullucr_nsys4_M17_instances00-09_r5_su61_steps1000_nomemopt/instance08/full_ucr/raw/haar_full_ucr_gpu_results.csv,417008,0.28748077154159546,1.0,16,817008,complex64,50,0.28750407695770264,-2.010984810674188e-06,8,gpu,cuda:0,0.01,constant,1000,schedule_checkpoint_plus_microbatch,4,10323,5,1000,5,adam,0.7124939120574867,0.7124959230422974,0,1.0,0,33c3defafae16cc50f9c13aff4b9bdb091bb438357e68a7d55318fc397f24467,Haar-random,817008,61,max_steps,8432,float32,1e-06,
haar,17,M=d+1,walsh_degree_4,WD-4,1.0625,/home/shc/QSD_project/gpu_qsd/results/memopt_haar_wd4_fullucr_nsys4_M17_instances00-09_r5_su61_steps1000_nomemopt/instance08/walsh_degree_4/raw/haar_walsh_degree4_gpu_results.csv,417008,0.2874715328216553,1.0,16,817008,complex64,50,0.28769147396087646,0.00018538601836315394,8,gpu,cuda:0,0.01,constant,1000,schedule_checkpoint_plus_microbatch,4,12331,5,1000,5,adam,0.7124939120574867,0.7123085260391235,4,1.0,4,33c3defafae16cc50f9c13aff4b9bdb091bb438357e68a7d55318fc397f24467,Haar-random,817008,61,max_steps,8302,float32,1e-06,4
haar,17,M=d+1,full_ucr,full-UCR,1.0625,/home/shc/QSD_project/gpu_qsd/results/memopt_haar_wd4_fullucr_nsys4_M17_instances00-09_r5_su61_steps1000_nomemopt/instance09/full_ucr/raw/haar_full_ucr_gpu_results.csv,417009,0.29155224561691284,1.0,16,817009,complex64,50,0.29183846712112427,0.0002494895174962597,9,gpu,cuda:0,0.01,constant,1000,schedule_checkpoint_plus_microbatch,4,10323,5,1000,5,adam,0.708411022396372,0.7081615328788757,0,1.0,0,88886ce31882d69073582cec050f04f8dbd513334d2d23c79648737b2b1275ce,Haar-random,817009,61,max_steps,8432,float32,1e-06,
haar,17,M=d+1,walsh_degree_4,WD-4,1.0625,/home/shc/QSD_project/gpu_qsd/results/memopt_haar_wd4_fullucr_nsys4_M17_instances00-09_r5_su61_steps1000_nomemopt/instance09/walsh_degree_4/raw/haar_walsh_degree4_gpu_results.csv,417009,0.2915516495704651,1.0,16,817009,complex64,50,0.2917540669441223,0.00016508934049430657,9,gpu,cuda:0,0.01,constant,1000,schedule_checkpoint_plus_microbatch,4,12331,5,1000,5,adam,0.708411022396372,0.7082459330558777,3,1.0,3,88886ce31882d69073582cec050f04f8dbd513334d2d23c79648737b2b1275ce,Haar-random,817009,61,max_steps,8302,float32,1e-06,4
haar,20,M/d=1.25,full_ucr,full-UCR,1.25,/home/shc/QSD_project/gpu_qsd/results/memopt_haar_wd4_fullucr_nsys4_M20_instances00-09_r5_su61_steps1000_nomemopt/instance00/full_ucr/raw/haar_full_ucr_gpu_results.csv,420000,0.354889452457428,1.0,16,820000,complex64,50,0.35492491722106934,6.577407930530299e-05,0,gpu,cuda:0,0.01,constant,1000,schedule_checkpoint_plus_microbatch,4,10323,5,1000,5,adam,0.645140856858236,0.6450750827789307,1,1.0,1,f2e3f187aa52deae94a0a67b3e90fcfe437b067215c50d22bd3ee711783c1890,Haar-random,820000,61,max_steps,8432,float32,1e-06,
haar,20,M/d=1.25,walsh_degree_4,WD-4,1.25,/home/shc/QSD_project/gpu_qsd/results/memopt_haar_wd4_fullucr_nsys4_M20_instances00-09_r5_su61_steps1000_nomemopt/instance00/walsh_degree_4/raw/haar_walsh_degree4_gpu_results.csv,420000,0.3548884987831116,1.0,16,820000,complex64,50,0.3553197979927063,0.0004606548509422659,0,gpu,cuda:0,0.01,constant,1000,schedule_checkpoint_plus_microbatch,4,12331,5,1000,5,adam,0.645140856858236,0.6446802020072937,3,1.0,3,f2e3f187aa52deae94a0a67b3e90fcfe437b067215c50d22bd3ee711783c1890,Haar-random,820000,61,max_steps,8302,float32,1e-06,4
haar,20,M/d=1.25,full_ucr,full-UCR,1.25,/home/shc/QSD_project/gpu_qsd/results/memopt_haar_wd4_fullucr_nsys4_M20_instances00-09_r5_su61_steps1000_nomemopt/instance01/full_ucr/raw/haar_full_ucr_gpu_results.csv,420001,0.36268430948257446,1.0,16,820001,complex64,50,0.36272507905960083,3.339676097280364e-05,1,gpu,cuda:0,0.01,constant,1000,schedule_checkpoint_plus_microbatch,4,10323,5,1000,5,adam,0.637308317701372,0.6372749209403992,0,1.0,0,445483ef04f331b3e9ccfd85100c8ae387d501e31b60ce65892d4980d56ea5c3,Haar-random,820001,61,max_steps,8432,float32,1e-06,
haar,20,M/d=1.25,walsh_degree_4,WD-4,1.25,/home/shc/QSD_project/gpu_qsd/results/memopt_haar_wd4_fullucr_nsys4_M20_instances00-09_r5_su61_steps1000_nomemopt/instance01/walsh_degree_4/raw/haar_walsh_degree4_gpu_results.csv,420001,0.36268532276153564,1.0,16,820001,complex64,50,0.36278659105300903,9.490875438100677e-05,1,gpu,cuda:0,0.01,constant,1000,schedule_checkpoint_plus_microbatch,4,12331,5,1000,5,adam,0.637308317701372,0.637213408946991,4,1.0,4,445483ef04f331b3e9ccfd85100c8ae387d501e31b60ce65892d4980d56ea5c3,Haar-random,820001,61,max_steps,8302,float32,1e-06,4
haar,20,M/d=1.25,full_ucr,full-UCR,1.25,/home/shc/QSD_project/gpu_qsd/results/memopt_haar_wd4_fullucr_nsys4_M20_instances00-09_r5_su61_steps1000_nomemopt/instance02/full_ucr/raw/haar_full_ucr_gpu_results.csv,420002,0.3695541024208069,1.0,16,820002,complex64,50,0.369742214679718,0.00017601245243592523,2,gpu,cuda:0,0.01,constant,1000,schedule_checkpoint_plus_microbatch,4,10323,5,1000,5,adam,0.6304337977727179,0.630257785320282,1,1.0,1,6a4b228af958611d092bd585d3abe5a76dca7b1df097953533c5eae8ce0ca286,Haar-random,820002,61,max_steps,8432,float32,1e-06,
haar,20,M/d=1.25,walsh_degree_4,WD-4,1.25,/home/shc/QSD_project/gpu_qsd/results/memopt_haar_wd4_fullucr_nsys4_M20_instances00-09_r5_su61_steps1000_nomemopt/instance02/walsh_degree_4/raw/haar_walsh_degree4_gpu_results.csv,420002,0.3695529103279114,1.0,16,820002,complex64,50,0.3695662021636963,-6.358580328935659e-11,2,gpu,cuda:0,0.01,constant,1000,schedule_checkpoint_plus_microbatch,4,12331,5,1000,5,adam,0.6304337977727179,0.6304337978363037,2,1.0,2,6a4b228af958611d092bd585d3abe5a76dca7b1df097953533c5eae8ce0ca286,Haar-random,820002,61,max_steps,8302,float32,1e-06,4
haar,20,M/d=1.25,full_ucr,full-UCR,1.25,/home/shc/QSD_project/gpu_qsd/results/memopt_haar_wd4_fullucr_nsys4_M20_instances00-09_r5_su61_steps1000_nomemopt/instance03/full_ucr/raw/haar_full_ucr_gpu_results.csv,420003,0.36787551641464233,1.0,16,820003,complex64,50,0.3681190609931946,0.0003790215686988452,3,gpu,cuda:0,0.01,constant,1000,schedule_checkpoint_plus_microbatch,4,10323,5,1000,5,adam,0.6322599605755043,0.6318809390068054,3,1.0,3,f1f7e1d096069b003173424aec9a659df6884184f958d5d658bcf2ec0e30d933,Haar-random,820003,61,max_steps,8432,float32,1e-06,
haar,20,M/d=1.25,walsh_degree_4,WD-4,1.25,/home/shc/QSD_project/gpu_qsd/results/memopt_haar_wd4_fullucr_nsys4_M20_instances00-09_r5_su61_steps1000_nomemopt/instance03/walsh_degree_4/raw/haar_walsh_degree4_gpu_results.csv,420003,0.3689255118370056,1.0,16,820003,complex64,50,0.3689310550689697,0.0011910156444739917,3,gpu,cuda:0,0.01,constant,1000,schedule_checkpoint_plus_microbatch,4,12331,5,1000,5,adam,0.6322599605755043,0.6310689449310303,4,1.0,4,f1f7e1d096069b003173424aec9a659df6884184f958d5d658bcf2ec0e30d933,Haar-random,820003,61,max_steps,8302,float32,1e-06,4
haar,20,M/d=1.25,full_ucr,full-UCR,1.25,/home/shc/QSD_project/gpu_qsd/results/memopt_haar_wd4_fullucr_nsys4_M20_instances00-09_r5_su61_steps1000_nomemopt/instance04/full_ucr/raw/haar_full_ucr_gpu_results.csv,420004,0.35999590158462524,1.0,16,820004,complex64,50,0.360145628452301,0.00013181547862051168,4,gpu,cuda:0,0.01,constant,1000,schedule_checkpoint_plus_microbatch,4,10323,5,1000,5,adam,0.6399861870263195,0.639854371547699,4,1.0,4,7de83bd59382854557a5080b50ee5cb5411653dd007bd47c44d21f335061772f,Haar-random,820004,61,max_steps,8432,float32,1e-06,
haar,20,M/d=1.25,walsh_degree_4,WD-4,1.25,/home/shc/QSD_project/gpu_qsd/results/memopt_haar_wd4_fullucr_nsys4_M20_instances00-09_r5_su61_steps1000_nomemopt/instance04/walsh_degree_4/raw/haar_walsh_degree4_gpu_results.csv,420004,0.3599834442138672,1.0,16,820004,complex64,50,0.36015784740448,0.00014403443079946676,4,gpu,cuda:0,0.01,constant,1000,schedule_checkpoint_plus_microbatch,4,12331,5,1000,5,adam,0.6399861870263195,0.63984215259552,3,1.0,3,7de83bd59382854557a5080b50ee5cb5411653dd007bd47c44d21f335061772f,Haar-random,820004,61,max_steps,8302,float32,1e-06,4
haar,20,M/d=1.25,full_ucr,full-UCR,1.25,/home/shc/QSD_project/gpu_qsd/results/memopt_haar_wd4_fullucr_nsys4_M20_instances00-09_r5_su61_steps1000_nomemopt/instance05/full_ucr/raw/haar_full_ucr_gpu_results.csv,420005,0.3512524366378784,1.0,16,820005,complex64,50,0.3513054847717285,6.019067769424957e-05,5,gpu,cuda:0,0.01,constant,1000,schedule_checkpoint_plus_microbatch,4,10323,5,1000,5,adam,0.6487547059059657,0.6486945152282715,3,1.0,3,885809ffb04ca03e5486b3bf4b86405334802a69fcab1b2186572369685d1d60,Haar-random,820005,61,max_steps,8432,float32,1e-06,
haar,20,M/d=1.25,walsh_degree_4,WD-4,1.25,/home/shc/QSD_project/gpu_qsd/results/memopt_haar_wd4_fullucr_nsys4_M20_instances00-09_r5_su61_steps1000_nomemopt/instance05/walsh_degree_4/raw/haar_walsh_degree4_gpu_results.csv,420005,0.35122203826904297,1.0,16,820005,complex64,50,0.3514483571052551,0.0002030630112208609,5,gpu,cuda:0,0.01,constant,1000,schedule_checkpoint_plus_microbatch,4,12331,5,1000,5,adam,0.6487547059059657,0.6485516428947449,2,1.0,2,885809ffb04ca03e5486b3bf4b86405334802a69fcab1b2186572369685d1d60,Haar-random,820005,61,max_steps,8302,float32,1e-06,4
haar,20,M/d=1.25,full_ucr,full-UCR,1.25,/home/shc/QSD_project/gpu_qsd/results/memopt_haar_wd4_fullucr_nsys4_M20_instances00-09_r5_su61_steps1000_nomemopt/instance06/full_ucr/raw/haar_full_ucr_gpu_results.csv,420006,0.34968167543411255,1.0,16,820006,complex64,50,0.3497372269630432,4.0167952203296053e-05,6,gpu,cuda:0,0.01,constant,1000,schedule_checkpoint_plus_microbatch,4,10323,5,1000,5,adam,0.6503029409891601,0.6502627730369568,3,1.0,3,71c2a1bc5b15adc9591ea05362b096b900b2c3bbff55b64b14612475f89e47d8,Haar-random,820006,61,max_steps,8432,float32,1e-06,
haar,20,M/d=1.25,walsh_degree_4,WD-4,1.25,/home/shc/QSD_project/gpu_qsd/results/memopt_haar_wd4_fullucr_nsys4_M20_instances00-09_r5_su61_steps1000_nomemopt/instance06/walsh_degree_4/raw/haar_walsh_degree4_gpu_results.csv,420006,0.3603173494338989,1.0,16,820006,complex64,50,0.360368549823761,0.01067149081292107,6,gpu,cuda:0,0.01,constant,1000,schedule_checkpoint_plus_microbatch,4,12331,5,1000,5,adam,0.6503029409891601,0.639631450176239,3,1.0,3,71c2a1bc5b15adc9591ea05362b096b900b2c3bbff55b64b14612475f89e47d8,Haar-random,820006,61,max_steps,8302,float32,1e-06,4
haar,20,M/d=1.25,full_ucr,full-UCR,1.25,/home/shc/QSD_project/gpu_qsd/results/memopt_haar_wd4_fullucr_nsys4_M20_instances00-09_r5_su61_steps1000_nomemopt/instance07/full_ucr/raw/haar_full_ucr_gpu_results.csv,420007,0.385353147983551,1.0,16,820007,complex64,50,0.38538020849227905,0.000788986224212751,7,gpu,cuda:0,0.01,constant,1000,schedule_checkpoint_plus_microbatch,4,10323,5,1000,5,adam,0.6154087777319337,0.614619791507721,1,1.0,1,ef659026061b12000eb7d083cfc5f16adf3d2892d18792a178556bcb86263217,Haar-random,820007,61,max_steps,8432,float32,1e-06,
haar,20,M/d=1.25,walsh_degree_4,WD-4,1.25,/home/shc/QSD_project/gpu_qsd/results/memopt_haar_wd4_fullucr_nsys4_M20_instances00-09_r5_su61_steps1000_nomemopt/instance07/walsh_degree_4/raw/haar_walsh_degree4_gpu_results.csv,420007,0.385356605052948,1.0,16,820007,complex64,50,0.38543277978897095,0.0008415575209046455,7,gpu,cuda:0,0.01,constant,1000,schedule_checkpoint_plus_microbatch,4,12331,5,1000,5,adam,0.6154087777319337,0.614567220211029,4,1.0,4,ef659026061b12000eb7d083cfc5f16adf3d2892d18792a178556bcb86263217,Haar-random,820007,61,max_steps,8302,float32,1e-06,4
haar,20,M/d=1.25,full_ucr,full-UCR,1.25,/home/shc/QSD_project/gpu_qsd/results/memopt_haar_wd4_fullucr_nsys4_M20_instances00-09_r5_su61_steps1000_nomemopt/instance08/full_ucr/raw/haar_full_ucr_gpu_results.csv,420008,0.3537335991859436,1.0,16,820008,complex64,50,0.3538338541984558,7.930011595147501e-05,8,gpu,cuda:0,0.01,constant,1000,schedule_checkpoint_plus_microbatch,4,10323,5,1000,5,adam,0.6462454459174957,0.6461661458015442,0,1.0,0,55c68b6a2cf40a40098e6bf12afef3e11650120ffdbbc7b6ce419b836ddb3f1a,Haar-random,820008,61,max_steps,8432,float32,1e-06,
haar,20,M/d=1.25,walsh_degree_4,WD-4,1.25,/home/shc/QSD_project/gpu_qsd/results/memopt_haar_wd4_fullucr_nsys4_M20_instances00-09_r5_su61_steps1000_nomemopt/instance08/walsh_degree_4/raw/haar_walsh_degree4_gpu_results.csv,420008,0.3589269518852234,1.0,16,820008,complex64,50,0.3589959144592285,0.00524136037672418,8,gpu,cuda:0,0.01,constant,1000,schedule_checkpoint_plus_microbatch,4,12331,5,1000,5,adam,0.6462454459174957,0.6410040855407715,3,1.0,3,55c68b6a2cf40a40098e6bf12afef3e11650120ffdbbc7b6ce419b836ddb3f1a,Haar-random,820008,61,max_steps,8302,float32,1e-06,4
haar,20,M/d=1.25,full_ucr,full-UCR,1.25,/home/shc/QSD_project/gpu_qsd/results/memopt_haar_wd4_fullucr_nsys4_M20_instances00-09_r5_su61_steps1000_nomemopt/instance09/full_ucr/raw/haar_full_ucr_gpu_results.csv,420009,0.3750591278076172,1.0,16,820009,complex64,50,0.37510210275650024,8.883408687232475e-05,9,gpu,cuda:0,0.01,constant,1000,schedule_checkpoint_plus_microbatch,4,10323,5,650,5,adam,0.6249867313303721,0.6248978972434998,1,1.0,1,950bd8beee4a6a8a5b6abdaea22109f41d939dee7b839894f1771ffe2d246bde,Haar-random,820009,61,threshold,8432,float32,1e-06,
haar,20,M/d=1.25,walsh_degree_4,WD-4,1.25,/home/shc/QSD_project/gpu_qsd/results/memopt_haar_wd4_fullucr_nsys4_M20_instances00-09_r5_su61_steps1000_nomemopt/instance09/walsh_degree_4/raw/haar_walsh_degree4_gpu_results.csv,420009,0.38001328706741333,1.0,16,820009,complex64,50,0.38008755445480347,0.005074285785175547,9,gpu,cuda:0,0.01,constant,1000,schedule_checkpoint_plus_microbatch,4,12331,5,1000,5,adam,0.6249867313303721,0.6199124455451965,4,1.0,4,950bd8beee4a6a8a5b6abdaea22109f41d939dee7b839894f1771ffe2d246bde,Haar-random,820009,61,max_steps,8302,float32,1e-06,4
weyl_heisenberg,16,M=d,full_ucr,full-UCR,1.0,/home/shc/QSD_project/gpu_qsd/results/memopt_weyl_wd1_fullucr_nsys4_M16_instances00-09_r5_su61_steps1000/instance00/full_ucr/raw/wh_md_full_ucr_gpu_results.csv,416000,0.24701499938964844,1.0,16,816000,complex64,50,0.2470383644104004,-2.3321070747872596e-06,0,gpu,cuda:0,0.01,constant,1000,schedule_checkpoint_plus_microbatch,4,4995,5,1000,5,adam,0.7529593034825248,0.7529616355895996,2,1.0,2,,Weyl--Heisenberg,,61,max_steps,4080,float32,1e-06,
weyl_heisenberg,16,M=d,walsh_degree_1,WD-1,1.0,/home/shc/QSD_project/gpu_qsd/results/memopt_weyl_wd1_fullucr_nsys4_M16_instances00-09_r5_su61_steps1000/instance00/walsh_degree_1/raw/wh_md_walsh_degree1_gpu_results.csv,416000,0.24701088666915894,1.0,16,816000,complex64,50,0.24706602096557617,2.532444810099399e-05,0,gpu,cuda:0,0.01,constant,1000,schedule_checkpoint_plus_microbatch,4,4825,5,1000,5,adam,0.7529593034825248,0.7529339790344238,4,1.0,4,,Weyl--Heisenberg,,61,max_steps,3866,float32,1e-06,1
weyl_heisenberg,16,M=d,full_ucr,full-UCR,1.0,/home/shc/QSD_project/gpu_qsd/results/memopt_weyl_wd1_fullucr_nsys4_M16_instances00-09_r5_su61_steps1000/instance01/full_ucr/raw/wh_md_full_ucr_gpu_results.csv,416001,0.26232779026031494,1.0,16,816001,complex64,50,0.26234567165374756,-7.468868996829414e-06,1,gpu,cuda:0,0.01,constant,1000,schedule_checkpoint_plus_microbatch,4,4995,5,1000,5,adam,0.7376468594772556,0.7376543283462524,2,1.0,2,,Weyl--Heisenberg,,61,max_steps,4080,float32,1e-06,
weyl_heisenberg,16,M=d,walsh_degree_1,WD-1,1.0,/home/shc/QSD_project/gpu_qsd/results/memopt_weyl_wd1_fullucr_nsys4_M16_instances00-09_r5_su61_steps1000/instance01/walsh_degree_1/raw/wh_md_walsh_degree1_gpu_results.csv,416001,0.26231849193573,1.0,16,816001,complex64,50,0.2623327970504761,-2.034347226831379e-05,1,gpu,cuda:0,0.01,constant,1000,schedule_checkpoint_plus_microbatch,4,4825,5,1000,5,adam,0.7376468594772556,0.7376672029495239,4,1.0,4,,Weyl--Heisenberg,,61,max_steps,3866,float32,1e-06,1
weyl_heisenberg,16,M=d,full_ucr,full-UCR,1.0,/home/shc/QSD_project/gpu_qsd/results/memopt_weyl_wd1_fullucr_nsys4_M16_instances00-09_r5_su61_steps1000/instance02/full_ucr/raw/wh_md_full_ucr_gpu_results.csv,416002,0.2689429521560669,1.0,16,816002,complex64,50,0.2689669728279114,-5.0786118480639075e-06,2,gpu,cuda:0,0.01,constant,1000,schedule_checkpoint_plus_microbatch,4,4995,5,1000,5,adam,0.7310279485602406,0.7310330271720886,3,1.0,3,,Weyl--Heisenberg,,61,max_steps,4080,float32,1e-06,
weyl_heisenberg,16,M=d,walsh_degree_1,WD-1,1.0,/home/shc/QSD_project/gpu_qsd/results/memopt_weyl_wd1_fullucr_nsys4_M16_instances00-09_r5_su61_steps1000/instance02/walsh_degree_1/raw/wh_md_walsh_degree1_gpu_results.csv,416002,0.2689441442489624,1.0,16,816002,complex64,50,0.26900815963745117,3.6108197691731014e-05,2,gpu,cuda:0,0.01,constant,1000,schedule_checkpoint_plus_microbatch,4,4825,5,1000,5,adam,0.7310279485602406,0.7309918403625488,1,1.0,1,,Weyl--Heisenberg,,61,max_steps,3866,float32,1e-06,1
weyl_heisenberg,16,M=d,full_ucr,full-UCR,1.0,/home/shc/QSD_project/gpu_qsd/results/memopt_weyl_wd1_fullucr_nsys4_M16_instances00-09_r5_su61_steps1000/instance03/full_ucr/raw/wh_md_full_ucr_gpu_results.csv,416003,0.2800517678260803,1.0,16,816003,complex64,50,0.28005367517471313,-3.37144046987925e-05,3,gpu,cuda:0,0.01,constant,1000,schedule_checkpoint_plus_microbatch,4,4995,5,1000,5,adam,0.7199126104205881,0.7199463248252869,2,1.0,2,,Weyl--Heisenberg,,61,max_steps,4080,float32,1e-06,
weyl_heisenberg,16,M=d,walsh_degree_1,WD-1,1.0,/home/shc/QSD_project/gpu_qsd/results/memopt_weyl_wd1_fullucr_nsys4_M16_instances00-09_r5_su61_steps1000/instance03/walsh_degree_1/raw/wh_md_walsh_degree1_gpu_results.csv,416003,0.28004491329193115,1.0,16,816003,complex64,50,0.280057430267334,-2.995931207794289e-05,3,gpu,cuda:0,0.01,constant,1000,schedule_checkpoint_plus_microbatch,4,4825,5,1000,5,adam,0.7199126104205881,0.719942569732666,0,1.0,0,,Weyl--Heisenberg,,61,max_steps,3866,float32,1e-06,1
weyl_heisenberg,16,M=d,full_ucr,full-UCR,1.0,/home/shc/QSD_project/gpu_qsd/results/memopt_weyl_wd1_fullucr_nsys4_M16_instances00-09_r5_su61_steps1000/instance04/full_ucr/raw/wh_md_full_ucr_gpu_results.csv,416004,0.2772864103317261,1.0,16,816004,complex64,50,0.27731001377105713,-9.370110962803047e-06,4,gpu,cuda:0,0.01,constant,1000,schedule_checkpoint_plus_microbatch,4,4995,5,1000,5,adam,0.7226806161179801,0.7226899862289429,3,1.0,3,,Weyl--Heisenberg,,61,max_steps,4080,float32,1e-06,
weyl_heisenberg,16,M=d,walsh_degree_1,WD-1,1.0,/home/shc/QSD_project/gpu_qsd/results/memopt_weyl_wd1_fullucr_nsys4_M16_instances00-09_r5_su61_steps1000/instance04/walsh_degree_1/raw/wh_md_walsh_degree1_gpu_results.csv,416004,0.27728521823883057,1.0,16,816004,complex64,50,0.2773212194442749,1.835562254970391e-06,4,gpu,cuda:0,0.01,constant,1000,schedule_checkpoint_plus_microbatch,4,4825,5,1000,5,adam,0.7226806161179801,0.7226787805557251,0,1.0,0,,Weyl--Heisenberg,,61,max_steps,3866,float32,1e-06,1
weyl_heisenberg,16,M=d,full_ucr,full-UCR,1.0,/home/shc/QSD_project/gpu_qsd/results/memopt_weyl_wd1_fullucr_nsys4_M16_instances00-09_r5_su61_steps1000/instance05/full_ucr/raw/wh_md_full_ucr_gpu_results.csv,416005,0.20197415351867676,1.0,16,816005,complex64,50,0.20199871063232422,-6.191096508789684e-07,5,gpu,cuda:0,0.01,constant,1000,schedule_checkpoint_plus_microbatch,4,4995,5,1000,5,adam,0.7980006702580249,0.7980012893676758,3,1.0,3,,Weyl--Heisenberg,,61,max_steps,4080,float32,1e-06,
weyl_heisenberg,16,M=d,walsh_degree_1,WD-1,1.0,/home/shc/QSD_project/gpu_qsd/results/memopt_weyl_wd1_fullucr_nsys4_M16_instances00-09_r5_su61_steps1000/instance05/walsh_degree_1/raw/wh_md_walsh_degree1_gpu_results.csv,416005,0.20197105407714844,1.0,16,816005,complex64,50,0.20199620723724365,-3.1225047314453747e-06,5,gpu,cuda:0,0.01,constant,1000,schedule_checkpoint_plus_microbatch,4,4825,5,350,5,adam,0.7980006702580249,0.7980037927627563,4,1.0,4,,Weyl--Heisenberg,,61,threshold,3866,float32,1e-06,1
weyl_heisenberg,16,M=d,full_ucr,full-UCR,1.0,/home/shc/QSD_project/gpu_qsd/results/memopt_weyl_wd1_fullucr_nsys4_M16_instances00-09_r5_su61_steps1000/instance06/full_ucr/raw/wh_md_full_ucr_gpu_results.csv,416006,0.274652361869812,1.0,16,816006,complex64,50,0.27470862865448,5.099002568664801e-05,6,gpu,cuda:0,0.01,constant,1000,schedule_checkpoint_plus_microbatch,4,4995,5,1000,5,adam,0.7253423613712067,0.72529137134552,4,1.0,4,,Weyl--Heisenberg,,61,max_steps,4080,float32,1e-06,
weyl_heisenberg,16,M=d,walsh_degree_1,WD-1,1.0,/home/shc/QSD_project/gpu_qsd/results/memopt_weyl_wd1_fullucr_nsys4_M16_instances00-09_r5_su61_steps1000/instance06/walsh_degree_1/raw/wh_md_walsh_degree1_gpu_results.csv,416006,0.2746363878250122,1.0,16,816006,complex64,50,0.27464550733566284,-1.2131293130490661e-05,6,gpu,cuda:0,0.01,constant,1000,schedule_checkpoint_plus_microbatch,4,4825,5,350,5,adam,0.7253423613712067,0.7253544926643372,3,1.0,3,,Weyl--Heisenberg,,61,threshold,3866,float32,1e-06,1
weyl_heisenberg,16,M=d,full_ucr,full-UCR,1.0,/home/shc/QSD_project/gpu_qsd/results/memopt_weyl_wd1_fullucr_nsys4_M16_instances00-09_r5_su61_steps1000/instance07/full_ucr/raw/wh_md_full_ucr_gpu_results.csv,416007,0.24076449871063232,1.0,16,816007,complex64,50,0.24079692363739014,1.3307046783705978e-05,7,gpu,cuda:0,0.01,constant,1000,schedule_checkpoint_plus_microbatch,4,4995,5,450,5,adam,0.7592163834093936,0.7592030763626099,1,1.0,1,,Weyl--Heisenberg,,61,threshold,4080,float32,1e-06,
weyl_heisenberg,16,M=d,walsh_degree_1,WD-1,1.0,/home/shc/QSD_project/gpu_qsd/results/memopt_weyl_wd1_fullucr_nsys4_M16_instances00-09_r5_su61_steps1000/instance07/walsh_degree_1/raw/wh_md_walsh_degree1_gpu_results.csv,416007,0.2407550811767578,1.0,16,816007,complex64,50,0.24076759815216064,-1.601843844578621e-05,7,gpu,cuda:0,0.01,constant,1000,schedule_checkpoint_plus_microbatch,4,4825,5,1000,5,adam,0.7592163834093936,0.7592324018478394,1,1.0,1,,Weyl--Heisenberg,,61,max_steps,3866,float32,1e-06,1
weyl_heisenberg,16,M=d,full_ucr,full-UCR,1.0,/home/shc/QSD_project/gpu_qsd/results/memopt_weyl_wd1_fullucr_nsys4_M16_instances00-09_r5_su61_steps1000/instance08/full_ucr/raw/wh_md_full_ucr_gpu_results.csv,416008,0.24763548374176025,1.0,16,816008,complex64,50,0.2476484775543213,-1.3877537114570515e-05,8,gpu,cuda:0,0.01,constant,1000,schedule_checkpoint_plus_microbatch,4,4995,5,1000,5,adam,0.7523376449085641,0.7523515224456787,3,1.0,3,,Weyl--Heisenberg,,61,max_steps,4080,float32,1e-06,
weyl_heisenberg,16,M=d,walsh_degree_1,WD-1,1.0,/home/shc/QSD_project/gpu_qsd/results/memopt_weyl_wd1_fullucr_nsys4_M16_instances00-09_r5_su61_steps1000/instance08/walsh_degree_1/raw/wh_md_walsh_degree1_gpu_results.csv,416008,0.24762719869613647,1.0,16,816008,complex64,50,0.24770689010620117,4.45350147653123e-05,8,gpu,cuda:0,0.01,constant,1000,schedule_checkpoint_plus_microbatch,4,4825,5,550,5,adam,0.7523376449085641,0.7522931098937988,3,1.0,3,,Weyl--Heisenberg,,61,threshold,3866,float32,1e-06,1
weyl_heisenberg,16,M=d,full_ucr,full-UCR,1.0,/home/shc/QSD_project/gpu_qsd/results/memopt_weyl_wd1_fullucr_nsys4_M16_instances00-09_r5_su61_steps1000/instance09/full_ucr/raw/wh_md_full_ucr_gpu_results.csv,416009,0.19636672735214233,1.0,16,816009,complex64,50,0.19636887311935425,-2.5327083383430704e-05,9,gpu,cuda:0,0.01,constant,1000,schedule_checkpoint_plus_microbatch,4,4995,5,1000,5,adam,0.8036057997972623,0.8036311268806458,2,1.0,2,,Weyl--Heisenberg,,61,max_steps,4080,float32,1e-06,
weyl_heisenberg,16,M=d,walsh_degree_1,WD-1,1.0,/home/shc/QSD_project/gpu_qsd/results/memopt_weyl_wd1_fullucr_nsys4_M16_instances00-09_r5_su61_steps1000/instance09/walsh_degree_1/raw/wh_md_walsh_degree1_gpu_results.csv,416009,0.19636750221252441,1.0,16,816009,complex64,50,0.19653528928756714,0.00014108908482945992,9,gpu,cuda:0,0.01,constant,1000,schedule_checkpoint_plus_microbatch,4,4825,5,1000,5,adam,0.8036057997972623,0.8034647107124329,3,1.0,3,,Weyl--Heisenberg,,61,max_steps,3866,float32,1e-06,1
weyl_heisenberg,17,M=d+1,full_ucr,full-UCR,1.0625,/home/shc/QSD_project/gpu_qsd/results/memopt_weyl_wd4_fullucr_nsys4_M17_instances00-09_r2_su61_steps1000_nomemopt/instance00/full_ucr/raw/wh_md_full_ucr_gpu_results.csv,417000,0.262076199054718,1.0,16,817000,complex64,50,0.262240469455719,0.00013385139080113184,0,gpu,cuda:0,0.01,constant,1000,schedule_checkpoint_plus_microbatch,4,10323,2,1000,5,adam,0.7378933819350821,0.737759530544281,1,1.0,1,,Weyl--Heisenberg,,61,max_steps,8432,float32,1e-06,
weyl_heisenberg,17,M=d+1,walsh_degree_4,WD-4,1.0625,/home/shc/QSD_project/gpu_qsd/results/memopt_weyl_wd4_fullucr_nsys4_M17_instances00-09_r2_su61_steps1000_nomemopt/instance00/walsh_degree_4/raw/wh_md_walsh_degree4_gpu_results.csv,417000,0.26207172870635986,1.0,16,817000,complex64,50,0.2621416449546814,3.5026889763534186e-05,0,gpu,cuda:0,0.01,constant,1000,schedule_checkpoint_plus_microbatch,4,12331,5,500,5,adam,0.7378933819350821,0.7378583550453186,3,1.0,3,,Weyl--Heisenberg,,61,threshold,8302,float32,1e-06,4
weyl_heisenberg,17,M=d+1,full_ucr,full-UCR,1.0625,/home/shc/QSD_project/gpu_qsd/results/memopt_weyl_wd4_fullucr_nsys4_M17_instances00-09_r2_su61_steps1000_nomemopt/instance01/full_ucr/raw/wh_md_full_ucr_gpu_results.csv,417001,0.3094380497932434,1.0,16,817001,complex64,50,0.3095816969871521,0.00011688127894127209,1,gpu,cuda:0,0.01,constant,1000,schedule_checkpoint_plus_microbatch,4,10323,5,1000,5,adam,0.6905351842917892,0.6904183030128479,3,1.0,3,,Weyl--Heisenberg,,61,max_steps,8432,float32,1e-06,
weyl_heisenberg,17,M=d+1,walsh_degree_4,WD-4,1.0625,/home/shc/QSD_project/gpu_qsd/results/memopt_weyl_wd4_fullucr_nsys4_M17_instances00-09_r2_su61_steps1000_nomemopt/instance01/walsh_degree_4/raw/wh_md_walsh_degree4_gpu_results.csv,417001,0.30943673849105835,1.0,16,817001,complex64,50,0.3096959590911865,0.00023114338297569592,1,gpu,cuda:0,0.01,constant,1000,schedule_checkpoint_plus_microbatch,4,12331,5,1000,5,adam,0.6905351842917892,0.6903040409088135,4,1.0,4,,Weyl--Heisenberg,,61,max_steps,8302,float32,1e-06,4
weyl_heisenberg,17,M=d+1,full_ucr,full-UCR,1.0625,/home/shc/QSD_project/gpu_qsd/results/memopt_weyl_wd4_fullucr_nsys4_M17_instances00-09_r2_su61_steps1000_nomemopt/instance02/full_ucr/raw/wh_md_full_ucr_gpu_results.csv,417002,0.29050636291503906,1.0,16,817002,complex64,50,0.2905600666999817,2.5075938286378552e-05,2,gpu,cuda:0,0.01,constant,1000,schedule_checkpoint_plus_microbatch,4,10323,5,1000,5,adam,0.7094650092383047,0.7094399333000183,3,1.0,3,,Weyl--Heisenberg,,61,max_steps,8432,float32,1e-06,
weyl_heisenberg,17,M=d+1,walsh_degree_4,WD-4,1.0625,/home/shc/QSD_project/gpu_qsd/results/memopt_weyl_wd4_fullucr_nsys4_M17_instances00-09_r2_su61_steps1000_nomemopt/instance02/walsh_degree_4/raw/wh_md_walsh_degree4_gpu_results.csv,417002,0.29692715406417847,1.0,16,817002,complex64,50,0.2970294952392578,0.006494504477562502,2,gpu,cuda:0,0.01,constant,1000,schedule_checkpoint_plus_microbatch,4,12331,5,1000,5,adam,0.7094650092383047,0.7029705047607422,4,1.0,4,,Weyl--Heisenberg,,61,max_steps,8302,float32,1e-06,4
weyl_heisenberg,17,M=d+1,full_ucr,full-UCR,1.0625,/home/shc/QSD_project/gpu_qsd/results/memopt_weyl_wd4_fullucr_nsys4_M17_instances00-09_r2_su61_steps1000_nomemopt/instance03/full_ucr/raw/wh_md_full_ucr_gpu_results.csv,417003,0.3024289608001709,1.0,16,817003,complex64,50,0.30251824855804443,6.0411819119421395e-05,3,gpu,cuda:0,0.01,constant,1000,schedule_checkpoint_plus_microbatch,4,10323,5,1000,5,adam,0.697542163261075,0.6974817514419556,2,1.0,2,,Weyl--Heisenberg,,61,max_steps,8432,float32,1e-06,
weyl_heisenberg,17,M=d+1,walsh_degree_4,WD-4,1.0625,/home/shc/QSD_project/gpu_qsd/results/memopt_weyl_wd4_fullucr_nsys4_M17_instances00-09_r2_su61_steps1000_nomemopt/instance03/walsh_degree_4/raw/wh_md_walsh_degree4_gpu_results.csv,417003,0.30638569593429565,1.0,16,817003,complex64,50,0.30643731355667114,0.00397947681774613,3,gpu,cuda:0,0.01,constant,1000,schedule_checkpoint_plus_microbatch,4,12331,5,1000,5,adam,0.697542163261075,0.6935626864433289,2,1.0,2,,Weyl--Heisenberg,,61,max_steps,8302,float32,1e-06,4
weyl_heisenberg,17,M=d+1,full_ucr,full-UCR,1.0625,/home/shc/QSD_project/gpu_qsd/results/memopt_weyl_wd4_fullucr_nsys4_M17_instances00-09_r2_su61_steps1000_nomemopt/instance04/full_ucr/raw/wh_md_full_ucr_gpu_results.csv,417004,0.325251042842865,1.0,16,817004,complex64,50,0.325251042842865,-2.2084721012394226e-05,4,gpu,cuda:0,0.01,constant,1000,schedule_checkpoint_plus_microbatch,4,10323,5,1000,5,adam,0.6747268724361226,0.674748957157135,3,1.0,3,,Weyl--Heisenberg,,61,max_steps,8432,float32,1e-06,
weyl_heisenberg,17,M=d+1,walsh_degree_4,WD-4,1.0625,/home/shc/QSD_project/gpu_qsd/results/memopt_weyl_wd4_fullucr_nsys4_M17_instances00-09_r2_su61_steps1000_nomemopt/instance04/walsh_degree_4/raw/wh_md_walsh_degree4_gpu_results.csv,417004,0.32524895668029785,1.0,16,817004,complex64,50,0.32552289962768555,0.0002497720638081624,4,gpu,cuda:0,0.01,constant,1000,schedule_checkpoint_plus_microbatch,4,12331,5,1000,5,adam,0.6747268724361226,0.6744771003723145,3,1.0,3,,Weyl--Heisenberg,,61,max_steps,8302,float32,1e-06,4
weyl_heisenberg,17,M=d+1,full_ucr,full-UCR,1.0625,/home/shc/QSD_project/gpu_qsd/results/memopt_weyl_wd4_fullucr_nsys4_M17_instances00-09_r2_su61_steps1000_nomemopt/instance05/full_ucr/raw/wh_md_full_ucr_gpu_results.csv,417005,0.2697870135307312,1.0,16,817005,complex64,50,0.2698144316673279,7.183319321424353e-05,5,gpu,cuda:0,0.01,constant,1000,schedule_checkpoint_plus_microbatch,4,10323,2,1000,5,adam,0.7302574015258864,0.7301855683326721,1,1.0,1,,Weyl--Heisenberg,,61,max_steps,8432,float32,1e-06,
weyl_heisenberg,17,M=d+1,walsh_degree_4,WD-4,1.0625,/home/shc/QSD_project/gpu_qsd/results/memopt_weyl_wd4_fullucr_nsys4_M17_instances00-09_r2_su61_steps1000_nomemopt/instance05/walsh_degree_4/raw/wh_md_walsh_degree4_gpu_results.csv,417005,0.2697119116783142,1.0,16,817005,complex64,50,0.26978427171707153,4.167324295789587e-05,5,gpu,cuda:0,0.01,constant,1000,schedule_checkpoint_plus_microbatch,4,12331,5,1000,5,adam,0.7302574015258864,0.7302157282829285,2,1.0,2,,Weyl--Heisenberg,,61,max_steps,8302,float32,1e-06,4
weyl_heisenberg,17,M=d+1,full_ucr,full-UCR,1.0625,/home/shc/QSD_project/gpu_qsd/results/memopt_weyl_wd4_fullucr_nsys4_M17_instances00-09_r2_su61_steps1000_nomemopt/instance06/full_ucr/raw/wh_md_full_ucr_gpu_results.csv,417006,0.3036881685256958,1.0,16,817006,complex64,50,0.3040362000465393,0.00043908299689399133,6,gpu,cuda:0,0.01,constant,1000,schedule_checkpoint_plus_microbatch,4,10323,2,1000,5,adam,0.6964028829503547,0.6959637999534607,0,1.0,0,,Weyl--Heisenberg,,61,max_steps,8432,float32,1e-06,
weyl_heisenberg,17,M=d+1,walsh_degree_4,WD-4,1.0625,/home/shc/QSD_project/gpu_qsd/results/memopt_weyl_wd4_fullucr_nsys4_M17_instances00-09_r2_su61_steps1000_nomemopt/instance06/walsh_degree_4/raw/wh_md_walsh_degree4_gpu_results.csv,417006,0.3035591244697571,1.0,16,817006,complex64,50,0.3037005662918091,0.00010344924216376672,6,gpu,cuda:0,0.01,constant,1000,schedule_checkpoint_plus_microbatch,4,12331,5,1000,5,adam,0.6964028829503547,0.6962994337081909,4,1.0,4,,Weyl--Heisenberg,,61,max_steps,8302,float32,1e-06,4
weyl_heisenberg,17,M=d+1,full_ucr,full-UCR,1.0625,/home/shc/QSD_project/gpu_qsd/results/memopt_weyl_wd4_fullucr_nsys4_M17_instances00-09_r2_su61_steps1000_nomemopt/instance07/full_ucr/raw/wh_md_full_ucr_gpu_results.csv,417007,0.28536128997802734,1.0,16,817007,complex64,50,0.28537124395370483,-2.4366505171347086e-06,7,gpu,cuda:0,0.01,constant,1000,schedule_checkpoint_plus_microbatch,4,10323,2,500,5,adam,0.714626319395778,0.7146287560462952,1,1.0,1,,Weyl--Heisenberg,,61,threshold,8432,float32,1e-06,
weyl_heisenberg,17,M=d+1,walsh_degree_4,WD-4,1.0625,/home/shc/QSD_project/gpu_qsd/results/memopt_weyl_wd4_fullucr_nsys4_M17_instances00-09_r2_su61_steps1000_nomemopt/instance07/walsh_degree_4/raw/wh_md_walsh_degree4_gpu_results.csv,417007,0.2853150963783264,1.0,16,817007,complex64,50,0.28540194034576416,2.8259741542191463e-05,7,gpu,cuda:0,0.01,constant,1000,schedule_checkpoint_plus_microbatch,4,12331,5,1000,5,adam,0.714626319395778,0.7145980596542358,3,1.0,3,,Weyl--Heisenberg,,61,max_steps,8302,float32,1e-06,4
weyl_heisenberg,17,M=d+1,full_ucr,full-UCR,1.0625,/home/shc/QSD_project/gpu_qsd/results/memopt_weyl_wd4_fullucr_nsys4_M17_instances00-09_r2_su61_steps1000_nomemopt/instance08/full_ucr/raw/wh_md_full_ucr_gpu_results.csv,417008,0.3490484356880188,1.0,16,817008,complex64,50,0.3491116762161255,4.109277586650251e-05,8,gpu,cuda:0,0.01,constant,1000,schedule_checkpoint_plus_microbatch,4,10323,5,1000,5,adam,0.650929416559741,0.6508883237838745,4,1.0,4,,Weyl--Heisenberg,,61,max_steps,8432,float32,1e-06,
weyl_heisenberg,17,M=d+1,walsh_degree_4,WD-4,1.0625,/home/shc/QSD_project/gpu_qsd/results/memopt_weyl_wd4_fullucr_nsys4_M17_instances00-09_r2_su61_steps1000_nomemopt/instance08/walsh_degree_4/raw/wh_md_walsh_degree4_gpu_results.csv,417008,0.35020577907562256,1.0,16,817008,complex64,50,0.3502658009529114,0.0011952175126523912,8,gpu,cuda:0,0.01,constant,1000,schedule_checkpoint_plus_microbatch,4,12331,5,400,5,adam,0.650929416559741,0.6497341990470886,2,1.0,2,,Weyl--Heisenberg,,61,threshold,8302,float32,1e-06,4
weyl_heisenberg,17,M=d+1,full_ucr,full-UCR,1.0625,/home/shc/QSD_project/gpu_qsd/results/memopt_weyl_wd4_fullucr_nsys4_M17_instances00-09_r2_su61_steps1000_nomemopt/instance09/full_ucr/raw/wh_md_full_ucr_gpu_results.csv,417009,0.24514025449752808,1.0,16,817009,complex64,50,0.24525898694992065,8.159019268683121e-05,9,gpu,cuda:0,0.01,constant,1000,schedule_checkpoint_plus_microbatch,4,10323,2,1000,5,adam,0.7548226032427662,0.7547410130500793,1,1.0,1,,Weyl--Heisenberg,,61,max_steps,8432,float32,1e-06,
weyl_heisenberg,17,M=d+1,walsh_degree_4,WD-4,1.0625,/home/shc/QSD_project/gpu_qsd/results/memopt_weyl_wd4_fullucr_nsys4_M17_instances00-09_r2_su61_steps1000_nomemopt/instance09/walsh_degree_4/raw/wh_md_walsh_degree4_gpu_results.csv,417009,0.25003665685653687,1.0,16,817009,complex64,50,0.25014621019363403,0.00496881343640021,9,gpu,cuda:0,0.01,constant,1000,schedule_checkpoint_plus_microbatch,4,12331,5,1000,5,adam,0.7548226032427662,0.749853789806366,3,1.0,3,,Weyl--Heisenberg,,61,max_steps,8302,float32,1e-06,4
weyl_heisenberg,20,M/d=1.25,full_ucr,full-UCR,1.25,/home/shc/QSD_project/gpu_qsd/results/memopt_weyl_wd4_fullucr_nsys4_M20_instances00-09_r2_su61_steps1000_nomemopt/instance00/full_ucr/raw/wh_md_full_ucr_gpu_results.csv,420000,0.3313738703727722,1.0,16,820000,complex64,50,0.3313738703727722,3.72754915232143e-05,0,gpu,cuda:0,0.01,constant,1000,schedule_checkpoint_plus_microbatch,4,10323,2,1000,5,adam,0.668663405118751,0.6686261296272278,1,1.0,1,,Weyl--Heisenberg,,61,max_steps,8432,float32,1e-06,
weyl_heisenberg,20,M/d=1.25,walsh_degree_4,WD-4,1.25,/home/shc/QSD_project/gpu_qsd/results/memopt_weyl_wd4_fullucr_nsys4_M20_instances00-09_r2_su61_steps1000_nomemopt/instance00/walsh_degree_4/raw/wh_md_walsh_degree4_gpu_results.csv,420000,0.3313186764717102,1.0,16,820000,complex64,50,0.3314144015312195,7.780664997047992e-05,0,gpu,cuda:0,0.01,constant,1000,schedule_checkpoint_plus_microbatch,4,12331,5,1000,5,adam,0.668663405118751,0.6685855984687805,2,1.0,2,,Weyl--Heisenberg,,61,max_steps,8302,float32,1e-06,4
weyl_heisenberg,20,M/d=1.25,full_ucr,full-UCR,1.25,/home/shc/QSD_project/gpu_qsd/results/memopt_weyl_wd4_fullucr_nsys4_M20_instances00-09_r2_su61_steps1000_nomemopt/instance01/full_ucr/raw/wh_md_full_ucr_gpu_results.csv,420001,0.3363857865333557,1.0,16,820001,complex64,50,0.33638906478881836,-6.771798499727311e-06,1,gpu,cuda:0,0.01,constant,1000,schedule_checkpoint_plus_microbatch,4,10323,5,1000,5,adam,0.6636041634126819,0.6636109352111816,3,1.0,3,,Weyl--Heisenberg,,61,max_steps,8432,float32,1e-06,
weyl_heisenberg,20,M/d=1.25,walsh_degree_4,WD-4,1.25,/home/shc/QSD_project/gpu_qsd/results/memopt_weyl_wd4_fullucr_nsys4_M20_instances00-09_r2_su61_steps1000_nomemopt/instance01/walsh_degree_4/raw/wh_md_walsh_degree4_gpu_results.csv,420001,0.34049904346466064,1.0,16,820001,complex64,50,0.34053677320480347,0.00414093661748538,1,gpu,cuda:0,0.01,constant,1000,schedule_checkpoint_plus_microbatch,4,12331,5,1000,5,adam,0.6636041634126819,0.6594632267951965,4,1.0,4,,Weyl--Heisenberg,,61,max_steps,8302,float32,1e-06,4
weyl_heisenberg,20,M/d=1.25,full_ucr,full-UCR,1.25,/home/shc/QSD_project/gpu_qsd/results/memopt_weyl_wd4_fullucr_nsys4_M20_instances00-09_r2_su61_steps1000_nomemopt/instance02/full_ucr/raw/wh_md_full_ucr_gpu_results.csv,420002,0.37299418449401855,1.0,16,820002,complex64,50,0.3730812668800354,0.0001309634538471105,2,gpu,cuda:0,0.01,constant,1000,schedule_checkpoint_plus_microbatch,4,10323,5,1000,5,adam,0.6270496965738117,0.6269187331199646,3,1.0,3,,Weyl--Heisenberg,,61,max_steps,8432,float32,1e-06,
weyl_heisenberg,20,M/d=1.25,walsh_degree_4,WD-4,1.25,/home/shc/QSD_project/gpu_qsd/results/memopt_weyl_wd4_fullucr_nsys4_M20_instances00-09_r2_su61_steps1000_nomemopt/instance02/walsh_degree_4/raw/wh_md_walsh_degree4_gpu_results.csv,420002,0.3729515075683594,1.0,16,820002,complex64,50,0.37297874689102173,2.8443464833438625e-05,2,gpu,cuda:0,0.01,constant,1000,schedule_checkpoint_plus_microbatch,4,12331,5,1000,5,adam,0.6270496965738117,0.6270212531089783,4,1.0,4,,Weyl--Heisenberg,,61,max_steps,8302,float32,1e-06,4
weyl_heisenberg,20,M/d=1.25,full_ucr,full-UCR,1.25,/home/shc/QSD_project/gpu_qsd/results/memopt_weyl_wd4_fullucr_nsys4_M20_instances00-09_r2_su61_steps1000_nomemopt/instance03/full_ucr/raw/wh_md_full_ucr_gpu_results.csv,420003,0.3210914134979248,1.0,16,820003,complex64,50,0.32118386030197144,0.0001272866211518009,3,gpu,cuda:0,0.01,constant,1000,schedule_checkpoint_plus_microbatch,4,10323,2,1000,5,adam,0.6789434263191804,0.6788161396980286,0,1.0,0,,Weyl--Heisenberg,,61,max_steps,8432,float32,1e-06,
weyl_heisenberg,20,M/d=1.25,walsh_degree_4,WD-4,1.25,/home/shc/QSD_project/gpu_qsd/results/memopt_weyl_wd4_fullucr_nsys4_M20_instances00-09_r2_su61_steps1000_nomemopt/instance03/walsh_degree_4/raw/wh_md_walsh_degree4_gpu_results.csv,420003,0.3225681781768799,1.0,16,820003,complex64,50,0.32259875535964966,0.0015421816788300236,3,gpu,cuda:0,0.01,constant,1000,schedule_checkpoint_plus_microbatch,4,12331,5,1000,5,adam,0.6789434263191804,0.6774012446403503,3,1.0,3,,Weyl--Heisenberg,,61,max_steps,8302,float32,1e-06,4
weyl_heisenberg,20,M/d=1.25,full_ucr,full-UCR,1.25,/home/shc/QSD_project/gpu_qsd/results/memopt_weyl_wd4_fullucr_nsys4_M20_instances00-09_r2_su61_steps1000_nomemopt/instance04/full_ucr/raw/wh_md_full_ucr_gpu_results.csv,420004,0.37332653999328613,1.0,16,820004,complex64,50,0.3733493685722351,3.337952622306517e-06,4,gpu,cuda:0,0.01,constant,1000,schedule_checkpoint_plus_microbatch,4,10323,2,1000,5,adam,0.6266539693803872,0.6266506314277649,0,1.0,0,,Weyl--Heisenberg,,61,max_steps,8432,float32,1e-06,
weyl_heisenberg,20,M/d=1.25,walsh_degree_4,WD-4,1.25,/home/shc/QSD_project/gpu_qsd/results/memopt_weyl_wd4_fullucr_nsys4_M20_instances00-09_r2_su61_steps1000_nomemopt/instance04/walsh_degree_4/raw/wh_md_walsh_degree4_gpu_results.csv,420004,0.373322069644928,1.0,16,820004,complex64,50,0.373429536819458,8.350619984520691e-05,4,gpu,cuda:0,0.01,constant,1000,schedule_checkpoint_plus_microbatch,4,12331,5,1000,5,adam,0.6266539693803872,0.626570463180542,3,1.0,3,,Weyl--Heisenberg,,61,max_steps,8302,float32,1e-06,4
weyl_heisenberg,20,M/d=1.25,full_ucr,full-UCR,1.25,/home/shc/QSD_project/gpu_qsd/results/memopt_weyl_wd4_fullucr_nsys4_M20_instances00-09_r2_su61_steps1000_nomemopt/instance05/full_ucr/raw/wh_md_full_ucr_gpu_results.csv,420005,0.3231581449508667,1.0,16,820005,complex64,50,0.32332974672317505,0.00019535578517293484,5,gpu,cuda:0,0.01,constant,1000,schedule_checkpoint_plus_microbatch,4,10323,5,1000,5,adam,0.6768656090619979,0.676670253276825,3,1.0,3,,Weyl--Heisenberg,,61,max_steps,8432,float32,1e-06,
weyl_heisenberg,20,M/d=1.25,walsh_degree_4,WD-4,1.25,/home/shc/QSD_project/gpu_qsd/results/memopt_weyl_wd4_fullucr_nsys4_M20_instances00-09_r2_su61_steps1000_nomemopt/instance05/walsh_degree_4/raw/wh_md_walsh_degree4_gpu_results.csv,420005,0.323738157749176,1.0,16,820005,complex64,50,0.32415246963500977,0.0010180786970076516,5,gpu,cuda:0,0.01,constant,1000,schedule_checkpoint_plus_microbatch,4,12331,2,1000,5,adam,0.6768656090619979,0.6758475303649902,0,1.0,0,,Weyl--Heisenberg,,61,max_steps,8302,float32,1e-06,4
weyl_heisenberg,20,M/d=1.25,full_ucr,full-UCR,1.25,/home/shc/QSD_project/gpu_qsd/results/memopt_weyl_wd4_fullucr_nsys4_M20_instances00-09_r2_su61_steps1000_nomemopt/instance06/full_ucr/raw/wh_md_full_ucr_gpu_results.csv,420006,0.32857024669647217,1.0,16,820006,complex64,50,0.3287751078605652,0.000231653083024419,6,gpu,cuda:0,0.01,constant,1000,schedule_checkpoint_plus_microbatch,4,10323,5,1000,5,adam,0.6714565452224592,0.6712248921394348,4,1.0,4,,Weyl--Heisenberg,,61,max_steps,8432,float32,1e-06,
weyl_heisenberg,20,M/d=1.25,walsh_degree_4,WD-4,1.25,/home/shc/QSD_project/gpu_qsd/results/memopt_weyl_wd4_fullucr_nsys4_M20_instances00-09_r2_su61_steps1000_nomemopt/instance06/walsh_degree_4/raw/wh_md_walsh_degree4_gpu_results.csv,420006,0.33786338567733765,1.0,16,820006,complex64,50,0.3378906846046448,0.009347229827104009,6,gpu,cuda:0,0.01,constant,1000,schedule_checkpoint_plus_microbatch,4,12331,5,1000,5,adam,0.6714565452224592,0.6621093153953552,2,1.0,2,,Weyl--Heisenberg,,61,max_steps,8302,float32,1e-06,4
weyl_heisenberg,20,M/d=1.25,full_ucr,full-UCR,1.25,/home/shc/QSD_project/gpu_qsd/results/memopt_weyl_wd4_fullucr_nsys4_M20_instances00-09_r2_su61_steps1000_nomemopt/instance07/full_ucr/raw/wh_md_full_ucr_gpu_results.csv,420007,0.3381352424621582,1.0,16,820007,complex64,50,0.33814340829849243,-2.07986277311889e-06,7,gpu,cuda:0,0.01,constant,1000,schedule_checkpoint_plus_microbatch,4,10323,5,1000,5,adam,0.6618545118387344,0.6618565917015076,4,1.0,4,,Weyl--Heisenberg,,61,max_steps,8432,float32,1e-06,
weyl_heisenberg,20,M/d=1.25,walsh_degree_4,WD-4,1.25,/home/shc/QSD_project/gpu_qsd/results/memopt_weyl_wd4_fullucr_nsys4_M20_instances00-09_r2_su61_steps1000_nomemopt/instance07/walsh_degree_4/raw/wh_md_walsh_degree4_gpu_results.csv,420007,0.33830535411834717,1.0,16,820007,complex64,50,0.3384886384010315,0.0003431502397659436,7,gpu,cuda:0,0.01,constant,1000,schedule_checkpoint_plus_microbatch,4,12331,2,1000,5,adam,0.6618545118387344,0.6615113615989685,0,1.0,0,,Weyl--Heisenberg,,61,max_steps,8302,float32,1e-06,4
weyl_heisenberg,20,M/d=1.25,full_ucr,full-UCR,1.25,/home/shc/QSD_project/gpu_qsd/results/memopt_weyl_wd4_fullucr_nsys4_M20_instances00-09_r2_su61_steps1000_nomemopt/instance08/full_ucr/raw/wh_md_full_ucr_gpu_results.csv,420008,0.34624993801116943,1.0,16,820008,complex64,50,0.3462834358215332,7.624122489535701e-05,8,gpu,cuda:0,0.01,constant,1000,schedule_checkpoint_plus_microbatch,4,10323,5,1000,5,adam,0.6537928054033622,0.6537165641784668,3,1.0,3,,Weyl--Heisenberg,,61,max_steps,8432,float32,1e-06,
weyl_heisenberg,20,M/d=1.25,walsh_degree_4,WD-4,1.25,/home/shc/QSD_project/gpu_qsd/results/memopt_weyl_wd4_fullucr_nsys4_M20_instances00-09_r2_su61_steps1000_nomemopt/instance08/walsh_degree_4/raw/wh_md_walsh_degree4_gpu_results.csv,420008,0.3481377363204956,1.0,16,820008,complex64,50,0.34848880767822266,0.00228161308158481,8,gpu,cuda:0,0.01,constant,1000,schedule_checkpoint_plus_microbatch,4,12331,5,1000,5,adam,0.6537928054033622,0.6515111923217773,4,1.0,4,,Weyl--Heisenberg,,61,max_steps,8302,float32,1e-06,4
weyl_heisenberg,20,M/d=1.25,full_ucr,full-UCR,1.25,/home/shc/QSD_project/gpu_qsd/results/memopt_weyl_wd4_fullucr_nsys4_M20_instances00-09_r2_su61_steps1000_nomemopt/instance09/full_ucr/raw/wh_md_full_ucr_gpu_results.csv,420009,0.3638008236885071,1.0,16,820009,complex64,50,0.36393535137176514,0.00019106443742189505,9,gpu,cuda:0,0.01,constant,1000,schedule_checkpoint_plus_microbatch,4,10323,5,1000,5,adam,0.6362557130656568,0.6360646486282349,3,1.0,3,,Weyl--Heisenberg,,61,max_steps,8432,float32,1e-06,
weyl_heisenberg,20,M/d=1.25,walsh_degree_4,WD-4,1.25,/home/shc/QSD_project/gpu_qsd/results/memopt_weyl_wd4_fullucr_nsys4_M20_instances00-09_r2_su61_steps1000_nomemopt/instance09/walsh_degree_4/raw/wh_md_walsh_degree4_gpu_results.csv,420009,0.36718136072158813,1.0,16,820009,complex64,50,0.36738163232803345,0.0036373453936902056,9,gpu,cuda:0,0.01,constant,1000,schedule_checkpoint_plus_microbatch,4,12331,2,1000,5,adam,0.6362557130656568,0.6326183676719666,1,1.0,1,,Weyl--Heisenberg,,61,max_steps,8302,float32,1e-06,4
