instance_id,n_sys,d,M,M_over_d,fiducial_id,orbit_index_set_id,prior_type,benchmark_seed,data_seed,raw_outcomes,effective_m_outcomes,projection_strategy,class_group_sizes,coverage_ratio,model_type,model_name,walsh_degree,p_opt,p_succ_walsh_deg1,gap_abs_walsh_deg1,gap_rel_walsh_deg1,num_ucr_params_walsh_deg1,optimizer_name,learning_rate,learning_rate_schedule,max_steps,eval_interval,threshold,num_restarts,stopping_rule,aggregation_rule,best_restart_walsh_deg1,seed_opt_walsh_deg1,num_steps_walsh_deg1,termination_reason_walsh_deg1,wall_clock_sec_walsh_deg1
0,3,8,10,1.25,weyl_seed_310000,weyl_labels_seed_610000_unique,uniform,310000,610000,16,10,drop_extra,"[1, 1, 1, 1, 1, 1, 1, 1, 1, 1]",0.625,walsh_degree_1,walsh_k_local,1,0.6753763825492125,0.6283693243299908,0.04700705821922169,0.06960127631616794,22,adam,0.01,constant,1000,50,1e-06,50,abs_eval_loss_delta_le_threshold_on_eval_interval,best_over_restarts_for_row;mean_se_for_figure;median_iqr_in_summary,17,17,1000,max_steps,76.64965604431927
1,3,8,10,1.25,weyl_seed_310001,weyl_labels_seed_610001_unique,uniform,310001,610001,16,10,drop_extra,"[1, 1, 1, 1, 1, 1, 1, 1, 1, 1]",0.625,walsh_degree_1,walsh_k_local,1,0.6535234247667049,0.6204581926227115,0.03306523214399337,0.05059532817174383,22,adam,0.01,constant,1000,50,1e-06,50,abs_eval_loss_delta_le_threshold_on_eval_interval,best_over_restarts_for_row;mean_se_for_figure;median_iqr_in_summary,34,34,1000,max_steps,77.73589582554996
2,3,8,10,1.25,weyl_seed_310002,weyl_labels_seed_610002_unique,uniform,310002,610002,16,10,drop_extra,"[1, 1, 1, 1, 1, 1, 1, 1, 1, 1]",0.625,walsh_degree_1,walsh_k_local,1,0.6697057570378347,0.6239216958167693,0.045784061221065486,0.0683644432497822,22,adam,0.01,constant,1000,50,1e-06,50,abs_eval_loss_delta_le_threshold_on_eval_interval,best_over_restarts_for_row;mean_se_for_figure;median_iqr_in_summary,49,49,1000,max_steps,73.69440514966846
3,3,8,10,1.25,weyl_seed_310003,weyl_labels_seed_610003_unique,uniform,310003,610003,16,10,drop_extra,"[1, 1, 1, 1, 1, 1, 1, 1, 1, 1]",0.625,walsh_degree_1,walsh_k_local,1,0.6683034884801743,0.6265048433357978,0.04179864514437648,0.06254440664290573,22,adam,0.01,constant,1000,50,1e-06,50,abs_eval_loss_delta_le_threshold_on_eval_interval,best_over_restarts_for_row;mean_se_for_figure;median_iqr_in_summary,49,49,1000,max_steps,75.20159159041941
4,3,8,10,1.25,weyl_seed_310004,weyl_labels_seed_610004_unique,uniform,310004,610004,16,10,drop_extra,"[1, 1, 1, 1, 1, 1, 1, 1, 1, 1]",0.625,walsh_degree_1,walsh_k_local,1,0.6889339428215966,0.6769563918350212,0.01197755098657538,0.01738563052579489,22,adam,0.01,constant,1000,50,1e-06,50,abs_eval_loss_delta_le_threshold_on_eval_interval,best_over_restarts_for_row;mean_se_for_figure;median_iqr_in_summary,31,31,450,threshold,33.934310767799616
5,3,8,10,1.25,weyl_seed_310005,weyl_labels_seed_610005_unique,uniform,310005,610005,16,10,drop_extra,"[1, 1, 1, 1, 1, 1, 1, 1, 1, 1]",0.625,walsh_degree_1,walsh_k_local,1,0.6657197906599317,0.6161377288223863,0.04958206183754543,0.07447887614756722,22,adam,0.01,constant,1000,50,1e-06,50,abs_eval_loss_delta_le_threshold_on_eval_interval,best_over_restarts_for_row;mean_se_for_figure;median_iqr_in_summary,43,43,1000,max_steps,74.39131290651858
6,3,8,10,1.25,weyl_seed_310006,weyl_labels_seed_610006_unique,uniform,310006,610006,16,10,drop_extra,"[1, 1, 1, 1, 1, 1, 1, 1, 1, 1]",0.625,walsh_degree_1,walsh_k_local,1,0.7166568971507646,0.6776033455396568,0.039053551611107795,0.05449407068622967,22,adam,0.01,constant,1000,50,1e-06,50,abs_eval_loss_delta_le_threshold_on_eval_interval,best_over_restarts_for_row;mean_se_for_figure;median_iqr_in_summary,2,2,1000,max_steps,75.47696343623102
7,3,8,10,1.25,weyl_seed_310007,weyl_labels_seed_610007_unique,uniform,310007,610007,16,10,drop_extra,"[1, 1, 1, 1, 1, 1, 1, 1, 1, 1]",0.625,walsh_degree_1,walsh_k_local,1,0.6300530642924292,0.5911371467108408,0.03891591758158841,0.06176609524991723,22,adam,0.01,constant,1000,50,1e-06,50,abs_eval_loss_delta_le_threshold_on_eval_interval,best_over_restarts_for_row;mean_se_for_figure;median_iqr_in_summary,34,34,1000,max_steps,76.67009324766695
8,3,8,10,1.25,weyl_seed_310008,weyl_labels_seed_610008_unique,uniform,310008,610008,16,10,drop_extra,"[1, 1, 1, 1, 1, 1, 1, 1, 1, 1]",0.625,walsh_degree_1,walsh_k_local,1,0.6877537534448789,0.6447431848133374,0.04301056863154151,0.06253774467402985,22,adam,0.01,constant,1000,50,1e-06,50,abs_eval_loss_delta_le_threshold_on_eval_interval,best_over_restarts_for_row;mean_se_for_figure;median_iqr_in_summary,45,45,1000,max_steps,73.92194579914212
9,3,8,10,1.25,weyl_seed_310009,weyl_labels_seed_610009_unique,uniform,310009,610009,16,10,drop_extra,"[1, 1, 1, 1, 1, 1, 1, 1, 1, 1]",0.625,walsh_degree_1,walsh_k_local,1,0.6896354451357734,0.6373156784863565,0.05231976664941684,0.07586583174986936,22,adam,0.01,constant,1000,50,1e-06,50,abs_eval_loss_delta_le_threshold_on_eval_interval,best_over_restarts_for_row;mean_se_for_figure;median_iqr_in_summary,11,11,1000,max_steps,76.69526418671012
0,3,8,11,1.375,weyl_seed_311000,weyl_labels_seed_611000_unique,uniform,311000,611000,16,11,drop_extra,"[1, 1, 1, 1, 1, 1, 1, 1, 1, 1, 1]",0.6875,walsh_degree_1,walsh_k_local,1,0.6388844515858974,0.6287995106000334,0.010084940985863988,0.015785234655234178,22,adam,0.01,constant,1000,50,1e-06,50,abs_eval_loss_delta_le_threshold_on_eval_interval,best_over_restarts_for_row;mean_se_for_figure;median_iqr_in_summary,17,17,1000,max_steps,78.78302437998354
1,3,8,11,1.375,weyl_seed_311001,weyl_labels_seed_611001_unique,uniform,311001,611001,16,11,drop_extra,"[1, 1, 1, 1, 1, 1, 1, 1, 1, 1, 1]",0.6875,walsh_degree_1,walsh_k_local,1,0.6484100706430255,0.6231353836775146,0.02527468696551083,0.03897947936010005,22,adam,0.01,constant,1000,50,1e-06,50,abs_eval_loss_delta_le_threshold_on_eval_interval,best_over_restarts_for_row;mean_se_for_figure;median_iqr_in_summary,20,20,1000,max_steps,80.2258466668427
2,3,8,11,1.375,weyl_seed_311002,weyl_labels_seed_611002_unique,uniform,311002,611002,16,11,drop_extra,"[1, 1, 1, 1, 1, 1, 1, 1, 1, 1, 1]",0.6875,walsh_degree_1,walsh_k_local,1,0.5944072583794615,0.5723819429176866,0.022025315461774886,0.037054250518108955,22,adam,0.01,constant,1000,50,1e-06,50,abs_eval_loss_delta_le_threshold_on_eval_interval,best_over_restarts_for_row;mean_se_for_figure;median_iqr_in_summary,40,40,1000,max_steps,76.76486189290881
3,3,8,11,1.375,weyl_seed_311003,weyl_labels_seed_611003_unique,uniform,311003,611003,16,11,drop_extra,"[1, 1, 1, 1, 1, 1, 1, 1, 1, 1, 1]",0.6875,walsh_degree_1,walsh_k_local,1,0.6320942199451853,0.6035815581963269,0.02851266174885847,0.04510824628538933,22,adam,0.01,constant,1000,50,1e-06,50,abs_eval_loss_delta_le_threshold_on_eval_interval,best_over_restarts_for_row;mean_se_for_figure;median_iqr_in_summary,37,37,950,threshold,71.21079038083553
4,3,8,11,1.375,weyl_seed_311004,weyl_labels_seed_611004_unique,uniform,311004,611004,16,11,drop_extra,"[1, 1, 1, 1, 1, 1, 1, 1, 1, 1, 1]",0.6875,walsh_degree_1,walsh_k_local,1,0.650302956499256,0.61615332992237,0.034149626576885916,0.052513411227163916,22,adam,0.01,constant,1000,50,1e-06,50,abs_eval_loss_delta_le_threshold_on_eval_interval,best_over_restarts_for_row;mean_se_for_figure;median_iqr_in_summary,20,20,1000,threshold,79.32686676457524
5,3,8,11,1.375,weyl_seed_311005,weyl_labels_seed_611005_unique,uniform,311005,611005,16,11,drop_extra,"[1, 1, 1, 1, 1, 1, 1, 1, 1, 1, 1]",0.6875,walsh_degree_1,walsh_k_local,1,0.6117356234947227,0.576718923962615,0.03501669953210762,0.05724155695243683,22,adam,0.01,constant,1000,50,1e-06,50,abs_eval_loss_delta_le_threshold_on_eval_interval,best_over_restarts_for_row;mean_se_for_figure;median_iqr_in_summary,18,18,1000,threshold,77.77722132578492
6,3,8,11,1.375,weyl_seed_311006,weyl_labels_seed_611006_unique,uniform,311006,611006,16,11,drop_extra,"[1, 1, 1, 1, 1, 1, 1, 1, 1, 1, 1]",0.6875,walsh_degree_1,walsh_k_local,1,0.6156247790436948,0.5884989628020141,0.027125816241680756,0.044062255394946445,22,adam,0.01,constant,1000,50,1e-06,50,abs_eval_loss_delta_le_threshold_on_eval_interval,best_over_restarts_for_row;mean_se_for_figure;median_iqr_in_summary,11,11,1000,threshold,80.03666034713387
7,3,8,11,1.375,weyl_seed_311007,weyl_labels_seed_611007_unique,uniform,311007,611007,16,11,drop_extra,"[1, 1, 1, 1, 1, 1, 1, 1, 1, 1, 1]",0.6875,walsh_degree_1,walsh_k_local,1,0.5902035916802781,0.5754578213680237,0.014745770312254436,0.024984209720367873,22,adam,0.01,constant,1000,50,1e-06,50,abs_eval_loss_delta_le_threshold_on_eval_interval,best_over_restarts_for_row;mean_se_for_figure;median_iqr_in_summary,33,33,1000,max_steps,74.13773715123534
8,3,8,11,1.375,weyl_seed_311008,weyl_labels_seed_611008_unique,uniform,311008,611008,16,11,drop_extra,"[1, 1, 1, 1, 1, 1, 1, 1, 1, 1, 1]",0.6875,walsh_degree_1,walsh_k_local,1,0.5607159954682447,0.5523510779324348,0.008364917535809924,0.01491827877823339,22,adam,0.01,constant,1000,50,1e-06,50,abs_eval_loss_delta_le_threshold_on_eval_interval,best_over_restarts_for_row;mean_se_for_figure;median_iqr_in_summary,2,2,950,threshold,75.44621273130178
9,3,8,11,1.375,weyl_seed_311009,weyl_labels_seed_611009_unique,uniform,311009,611009,16,11,drop_extra,"[1, 1, 1, 1, 1, 1, 1, 1, 1, 1, 1]",0.6875,walsh_degree_1,walsh_k_local,1,0.6288122573744178,0.595208678959696,0.033603578414721835,0.053439763650651985,22,adam,0.01,constant,1000,50,1e-06,50,abs_eval_loss_delta_le_threshold_on_eval_interval,best_over_restarts_for_row;mean_se_for_figure;median_iqr_in_summary,29,29,1000,max_steps,74.46513678133488
0,3,8,12,1.5,weyl_seed_312000,weyl_labels_seed_612000_unique,uniform,312000,612000,16,12,drop_extra,"[1, 1, 1, 1, 1, 1, 1, 1, 1, 1, 1, 1]",0.75,walsh_degree_1,walsh_k_local,1,0.5622170987666633,0.5469911522282862,0.015225946538377055,0.027081969886327262,22,adam,0.01,constant,1000,50,1e-06,50,abs_eval_loss_delta_le_threshold_on_eval_interval,best_over_restarts_for_row;mean_se_for_figure;median_iqr_in_summary,6,6,1000,max_steps,72.82887499779463
1,3,8,12,1.5,weyl_seed_312001,weyl_labels_seed_612001_unique,uniform,312001,612001,16,12,drop_extra,"[1, 1, 1, 1, 1, 1, 1, 1, 1, 1, 1, 1]",0.75,walsh_degree_1,walsh_k_local,1,0.5827491219690573,0.5758850340822192,0.006864087886838011,0.011778804339755795,22,adam,0.01,constant,1000,50,1e-06,50,abs_eval_loss_delta_le_threshold_on_eval_interval,best_over_restarts_for_row;mean_se_for_figure;median_iqr_in_summary,41,41,1000,max_steps,75.96843985654414
2,3,8,12,1.5,weyl_seed_312002,weyl_labels_seed_612002_unique,uniform,312002,612002,16,12,drop_extra,"[1, 1, 1, 1, 1, 1, 1, 1, 1, 1, 1, 1]",0.75,walsh_degree_1,walsh_k_local,1,0.5389483337439407,0.5253304688653169,0.01361786487862382,0.025267477466761765,22,adam,0.01,constant,1000,50,1e-06,50,abs_eval_loss_delta_le_threshold_on_eval_interval,best_over_restarts_for_row;mean_se_for_figure;median_iqr_in_summary,30,30,1000,max_steps,78.72862623818219
3,3,8,12,1.5,weyl_seed_312003,weyl_labels_seed_612003_unique,uniform,312003,612003,16,12,drop_extra,"[1, 1, 1, 1, 1, 1, 1, 1, 1, 1, 1, 1]",0.75,walsh_degree_1,walsh_k_local,1,0.5584462009477809,0.551615661119051,0.006830539828729831,0.012231330103306659,22,adam,0.01,constant,1000,50,1e-06,50,abs_eval_loss_delta_le_threshold_on_eval_interval,best_over_restarts_for_row;mean_se_for_figure;median_iqr_in_summary,28,28,1000,max_steps,76.62909479439259
4,3,8,12,1.5,weyl_seed_312004,weyl_labels_seed_612004_unique,uniform,312004,612004,16,12,drop_extra,"[1, 1, 1, 1, 1, 1, 1, 1, 1, 1, 1, 1]",0.75,walsh_degree_1,walsh_k_local,1,0.5872738326211255,0.5732395805462369,0.01403425207488862,0.023897288275642775,22,adam,0.01,constant,1000,50,1e-06,50,abs_eval_loss_delta_le_threshold_on_eval_interval,best_over_restarts_for_row;mean_se_for_figure;median_iqr_in_summary,32,32,1000,max_steps,75.14785242266953
5,3,8,12,1.5,weyl_seed_312005,weyl_labels_seed_612005_unique,uniform,312005,612005,16,12,drop_extra,"[1, 1, 1, 1, 1, 1, 1, 1, 1, 1, 1, 1]",0.75,walsh_degree_1,walsh_k_local,1,0.5860818576401956,0.5728396334985835,0.013242224141612136,0.022594495920639356,22,adam,0.01,constant,1000,50,1e-06,50,abs_eval_loss_delta_le_threshold_on_eval_interval,best_over_restarts_for_row;mean_se_for_figure;median_iqr_in_summary,1,1,1000,max_steps,80.49795062467456
6,3,8,12,1.5,weyl_seed_312006,weyl_labels_seed_612006_unique,uniform,312006,612006,16,12,drop_extra,"[1, 1, 1, 1, 1, 1, 1, 1, 1, 1, 1, 1]",0.75,walsh_degree_1,walsh_k_local,1,0.5929422501200053,0.5783560020848366,0.014586248035168725,0.024599778531917096,22,adam,0.01,constant,1000,50,1e-06,50,abs_eval_loss_delta_le_threshold_on_eval_interval,best_over_restarts_for_row;mean_se_for_figure;median_iqr_in_summary,17,17,1000,max_steps,76.43575804680586
7,3,8,12,1.5,weyl_seed_312007,weyl_labels_seed_612007_unique,uniform,312007,612007,16,12,drop_extra,"[1, 1, 1, 1, 1, 1, 1, 1, 1, 1, 1, 1]",0.75,walsh_degree_1,walsh_k_local,1,0.5588929130169917,0.5535718709654923,0.005321042051499414,0.00952068263448823,22,adam,0.01,constant,1000,50,1e-06,50,abs_eval_loss_delta_le_threshold_on_eval_interval,best_over_restarts_for_row;mean_se_for_figure;median_iqr_in_summary,11,11,1000,max_steps,75.17033352702856
8,3,8,12,1.5,weyl_seed_312008,weyl_labels_seed_612008_unique,uniform,312008,612008,16,12,drop_extra,"[1, 1, 1, 1, 1, 1, 1, 1, 1, 1, 1, 1]",0.75,walsh_degree_1,walsh_k_local,1,0.5174959278734942,0.5122217117433188,0.005274216130175424,0.010191802188373445,22,adam,0.01,constant,1000,50,1e-06,50,abs_eval_loss_delta_le_threshold_on_eval_interval,best_over_restarts_for_row;mean_se_for_figure;median_iqr_in_summary,5,5,1000,max_steps,80.28256817348301
9,3,8,12,1.5,weyl_seed_312009,weyl_labels_seed_612009_unique,uniform,312009,612009,16,12,drop_extra,"[1, 1, 1, 1, 1, 1, 1, 1, 1, 1, 1, 1]",0.75,walsh_degree_1,walsh_k_local,1,0.5654172405841291,0.5508980779213054,0.014519162662823715,0.025678669875407505,22,adam,0.01,constant,1000,50,1e-06,50,abs_eval_loss_delta_le_threshold_on_eval_interval,best_over_restarts_for_row;mean_se_for_figure;median_iqr_in_summary,14,14,1000,max_steps,76.11984251625836
0,3,8,5,0.625,weyl_seed_305000,weyl_labels_seed_605000_unique,uniform,305000,605000,8,5,drop_extra,"[1, 1, 1, 1, 1]",0.625,walsh_degree_1,walsh_k_local,1,0.8347289440252889,0.8347289014179101,4.260737873629239e-08,5.104337047524443e-08,15,adam,0.01,constant,1000,50,1e-06,50,abs_eval_loss_delta_le_threshold_on_eval_interval,best_over_restarts_for_row;mean_se_for_figure;median_iqr_in_summary,32,32,500,threshold,4.400999169796705
1,3,8,5,0.625,weyl_seed_305001,weyl_labels_seed_605001_unique,uniform,305001,605001,8,5,drop_extra,"[1, 1, 1, 1, 1]",0.625,walsh_degree_1,walsh_k_local,1,0.828558469341401,0.8285560853517302,2.3839896707844588e-06,2.8772739148746238e-06,15,adam,0.01,constant,1000,50,1e-06,50,abs_eval_loss_delta_le_threshold_on_eval_interval,best_over_restarts_for_row;mean_se_for_figure;median_iqr_in_summary,39,39,300,threshold,3.9125217758119106
2,3,8,5,0.625,weyl_seed_305002,weyl_labels_seed_605002_unique,uniform,305002,605002,8,5,drop_extra,"[1, 1, 1, 1, 1]",0.625,walsh_degree_1,walsh_k_local,1,0.8540802127073306,0.8540800373912042,1.753161263939873e-07,2.0526892414268265e-07,15,adam,0.01,constant,1000,50,1e-06,50,abs_eval_loss_delta_le_threshold_on_eval_interval,best_over_restarts_for_row;mean_se_for_figure;median_iqr_in_summary,15,15,300,threshold,2.8805730994790792
3,3,8,5,0.625,weyl_seed_305003,weyl_labels_seed_605003_unique,uniform,305003,605003,8,5,drop_extra,"[1, 1, 1, 1, 1]",0.625,walsh_degree_1,walsh_k_local,1,0.9478722108851249,0.9478717419128411,4.689722837847299e-07,4.947631952906422e-07,15,adam,0.01,constant,1000,50,1e-06,50,abs_eval_loss_delta_le_threshold_on_eval_interval,best_over_restarts_for_row;mean_se_for_figure;median_iqr_in_summary,29,29,300,threshold,2.501103663817048
4,3,8,5,0.625,weyl_seed_305004,weyl_labels_seed_605004_unique,uniform,305004,605004,8,5,drop_extra,"[1, 1, 1, 1, 1]",0.625,walsh_degree_1,walsh_k_local,1,0.937115653350701,0.9371148407976566,8.125530444047513e-07,8.670787234205615e-07,15,adam,0.01,constant,1000,50,1e-06,50,abs_eval_loss_delta_le_threshold_on_eval_interval,best_over_restarts_for_row;mean_se_for_figure;median_iqr_in_summary,17,17,300,threshold,3.0169781502336264
5,3,8,5,0.625,weyl_seed_305005,weyl_labels_seed_605005_unique,uniform,305005,605005,8,5,drop_extra,"[1, 1, 1, 1, 1]",0.625,walsh_degree_1,walsh_k_local,1,0.8788924675861512,0.8788925186467275,-5.106057621162563e-08,-5.809649996416717e-08,15,adam,0.01,constant,1000,50,1e-06,50,abs_eval_loss_delta_le_threshold_on_eval_interval,best_over_restarts_for_row;mean_se_for_figure;median_iqr_in_summary,11,11,350,threshold,3.685074094682932
6,3,8,5,0.625,weyl_seed_305006,weyl_labels_seed_605006_unique,uniform,305006,605006,8,5,drop_extra,"[1, 1, 1, 1, 1]",0.625,walsh_degree_1,walsh_k_local,1,0.8961155382036297,0.8961140066035324,1.531600097304242e-06,1.7091547149986003e-06,15,adam,0.01,constant,1000,50,1e-06,50,abs_eval_loss_delta_le_threshold_on_eval_interval,best_over_restarts_for_row;mean_se_for_figure;median_iqr_in_summary,26,26,350,threshold,2.993119675666094
7,3,8,5,0.625,weyl_seed_305007,weyl_labels_seed_605007_unique,uniform,305007,605007,8,5,drop_extra,"[1, 1, 1, 1, 1]",0.625,walsh_degree_1,walsh_k_local,1,0.9004496933726494,0.9004497408462108,-4.747356141532322e-08,-5.27220585055787e-08,15,adam,0.01,constant,1000,50,1e-06,50,abs_eval_loss_delta_le_threshold_on_eval_interval,best_over_restarts_for_row;mean_se_for_figure;median_iqr_in_summary,42,42,350,threshold,3.2615482173860073
8,3,8,5,0.625,weyl_seed_305008,weyl_labels_seed_605008_unique,uniform,305008,605008,8,5,drop_extra,"[1, 1, 1, 1, 1]",0.625,walsh_degree_1,walsh_k_local,1,0.8491172910958581,0.8491172807709729,1.0324885169055165e-08,1.2159551191956087e-08,15,adam,0.01,constant,1000,50,1e-06,50,abs_eval_loss_delta_le_threshold_on_eval_interval,best_over_restarts_for_row;mean_se_for_figure;median_iqr_in_summary,15,15,350,threshold,3.1799928937107325
9,3,8,5,0.625,weyl_seed_305009,weyl_labels_seed_605009_unique,uniform,305009,605009,8,5,drop_extra,"[1, 1, 1, 1, 1]",0.625,walsh_degree_1,walsh_k_local,1,0.8684545632729245,0.8684530773749395,1.4858979849874387e-06,1.710968020465653e-06,15,adam,0.01,constant,1000,50,1e-06,50,abs_eval_loss_delta_le_threshold_on_eval_interval,best_over_restarts_for_row;mean_se_for_figure;median_iqr_in_summary,13,13,350,threshold,3.4402665309607983
0,3,8,6,0.75,weyl_seed_306000,weyl_labels_seed_606000_unique,uniform,306000,606000,8,6,drop_extra,"[1, 1, 1, 1, 1, 1]",0.75,walsh_degree_1,walsh_k_local,1,0.8558197347182562,0.8558201808372506,-4.461189944127142e-07,-5.212768253814347e-07,15,adam,0.01,constant,1000,50,1e-06,50,abs_eval_loss_delta_le_threshold_on_eval_interval,best_over_restarts_for_row;mean_se_for_figure;median_iqr_in_summary,43,43,350,threshold,3.597411124035716
1,3,8,6,0.75,weyl_seed_306001,weyl_labels_seed_606001_unique,uniform,306001,606001,8,6,drop_extra,"[1, 1, 1, 1, 1, 1]",0.75,walsh_degree_1,walsh_k_local,1,0.7030109311773082,0.7030109105481125,2.0629195685017976e-08,2.9344061052466102e-08,15,adam,0.01,constant,1000,50,1e-06,50,abs_eval_loss_delta_le_threshold_on_eval_interval,best_over_restarts_for_row;mean_se_for_figure;median_iqr_in_summary,9,9,400,threshold,3.782829839736223
2,3,8,6,0.75,weyl_seed_306002,weyl_labels_seed_606002_unique,uniform,306002,606002,8,6,drop_extra,"[1, 1, 1, 1, 1, 1]",0.75,walsh_degree_1,walsh_k_local,1,0.8888152188828293,0.8888159851332509,-7.66250421557757e-07,-8.6210317429181e-07,15,adam,0.01,constant,1000,50,1e-06,50,abs_eval_loss_delta_le_threshold_on_eval_interval,best_over_restarts_for_row;mean_se_for_figure;median_iqr_in_summary,1,1,300,threshold,3.010366264730692
3,3,8,6,0.75,weyl_seed_306003,weyl_labels_seed_606003_unique,uniform,306003,606003,8,6,drop_extra,"[1, 1, 1, 1, 1, 1]",0.75,walsh_degree_1,walsh_k_local,1,0.9243448769981537,0.9243440923604301,7.846377235720681e-07,8.488581947034854e-07,15,adam,0.01,constant,1000,50,1e-06,50,abs_eval_loss_delta_le_threshold_on_eval_interval,best_over_restarts_for_row;mean_se_for_figure;median_iqr_in_summary,17,17,350,threshold,3.391047967597842
4,3,8,6,0.75,weyl_seed_306004,weyl_labels_seed_606004_unique,uniform,306004,606004,8,6,drop_extra,"[1, 1, 1, 1, 1, 1]",0.75,walsh_degree_1,walsh_k_local,1,0.8671655923680861,0.8671639042942723,1.6880738138436158e-06,1.946656819297644e-06,15,adam,0.01,constant,1000,50,1e-06,50,abs_eval_loss_delta_le_threshold_on_eval_interval,best_over_restarts_for_row;mean_se_for_figure;median_iqr_in_summary,8,8,350,threshold,3.688317481428385
5,3,8,6,0.75,weyl_seed_306005,weyl_labels_seed_606005_unique,uniform,306005,606005,8,6,drop_extra,"[1, 1, 1, 1, 1, 1]",0.75,walsh_degree_1,walsh_k_local,1,0.827920978857696,0.8279212844176645,-3.055599685497512e-07,-3.690690009707692e-07,15,adam,0.01,constant,1000,50,1e-06,50,abs_eval_loss_delta_le_threshold_on_eval_interval,best_over_restarts_for_row;mean_se_for_figure;median_iqr_in_summary,26,26,300,threshold,3.371560310944915
6,3,8,6,0.75,weyl_seed_306006,weyl_labels_seed_606006_unique,uniform,306006,606006,8,6,drop_extra,"[1, 1, 1, 1, 1, 1]",0.75,walsh_degree_1,walsh_k_local,1,0.8609533780519399,0.8609536310641537,-2.530122137356372e-07,-2.9387446543054666e-07,15,adam,0.01,constant,1000,50,1e-06,50,abs_eval_loss_delta_le_threshold_on_eval_interval,best_over_restarts_for_row;mean_se_for_figure;median_iqr_in_summary,33,33,300,threshold,3.9394157454371452
7,3,8,6,0.75,weyl_seed_306007,weyl_labels_seed_606007_unique,uniform,306007,606007,8,6,drop_extra,"[1, 1, 1, 1, 1, 1]",0.75,walsh_degree_1,walsh_k_local,1,0.8547692182663521,0.8547679454951769,1.2727711752313908e-06,1.4890231749487104e-06,15,adam,0.01,constant,1000,50,1e-06,50,abs_eval_loss_delta_le_threshold_on_eval_interval,best_over_restarts_for_row;mean_se_for_figure;median_iqr_in_summary,0,0,350,threshold,100.31397234462202
8,3,8,6,0.75,weyl_seed_306008,weyl_labels_seed_606008_unique,uniform,306008,606008,8,6,drop_extra,"[1, 1, 1, 1, 1, 1]",0.75,walsh_degree_1,walsh_k_local,1,0.8550383141107443,0.8550351193949783,3.194715765930667e-06,3.7363422354391575e-06,15,adam,0.01,constant,1000,50,1e-06,50,abs_eval_loss_delta_le_threshold_on_eval_interval,best_over_restarts_for_row;mean_se_for_figure;median_iqr_in_summary,33,33,300,threshold,3.2445397321134806
9,3,8,6,0.75,weyl_seed_306009,weyl_labels_seed_606009_unique,uniform,306009,606009,8,6,drop_extra,"[1, 1, 1, 1, 1, 1]",0.75,walsh_degree_1,walsh_k_local,1,0.8064618092105509,0.8064618264045631,-1.7194012214005738e-08,-2.1320305583766e-08,15,adam,0.01,constant,1000,50,1e-06,50,abs_eval_loss_delta_le_threshold_on_eval_interval,best_over_restarts_for_row;mean_se_for_figure;median_iqr_in_summary,42,42,350,threshold,3.78031050786376
0,3,8,7,0.875,weyl_seed_307000,weyl_labels_seed_607000_unique,uniform,307000,607000,8,7,drop_extra,"[1, 1, 1, 1, 1, 1, 1]",0.875,walsh_degree_1,walsh_k_local,1,0.743586699106594,0.743599877704644,-1.3178598049945478e-05,-1.7723014768525747e-05,15,adam,0.01,constant,1000,50,1e-06,50,abs_eval_loss_delta_le_threshold_on_eval_interval,best_over_restarts_for_row;mean_se_for_figure;median_iqr_in_summary,37,37,350,threshold,4.096604485064745
1,3,8,7,0.875,weyl_seed_307001,weyl_labels_seed_607001_unique,uniform,307001,607001,8,7,drop_extra,"[1, 1, 1, 1, 1, 1, 1]",0.875,walsh_degree_1,walsh_k_local,1,0.8399988073050597,0.8399985889367685,2.183682912271223e-07,2.5996262057526733e-07,15,adam,0.01,constant,1000,50,1e-06,50,abs_eval_loss_delta_le_threshold_on_eval_interval,best_over_restarts_for_row;mean_se_for_figure;median_iqr_in_summary,47,47,300,threshold,2.989586966112256
2,3,8,7,0.875,weyl_seed_307002,weyl_labels_seed_607002_unique,uniform,307002,607002,8,7,drop_extra,"[1, 1, 1, 1, 1, 1, 1]",0.875,walsh_degree_1,walsh_k_local,1,0.7900833066966543,0.7900836575812706,-3.508846163624568e-07,-4.4411091006277387e-07,15,adam,0.01,constant,1000,50,1e-06,50,abs_eval_loss_delta_le_threshold_on_eval_interval,best_over_restarts_for_row;mean_se_for_figure;median_iqr_in_summary,48,48,300,threshold,3.8659509364515543
3,3,8,7,0.875,weyl_seed_307003,weyl_labels_seed_607003_unique,uniform,307003,607003,8,7,drop_extra,"[1, 1, 1, 1, 1, 1, 1]",0.875,walsh_degree_1,walsh_k_local,1,0.8024585156877306,0.8024581565740043,3.591137263114774e-07,4.4751687382083095e-07,15,adam,0.01,constant,1000,50,1e-06,50,abs_eval_loss_delta_le_threshold_on_eval_interval,best_over_restarts_for_row;mean_se_for_figure;median_iqr_in_summary,26,26,350,threshold,4.243217470124364
4,3,8,7,0.875,weyl_seed_307004,weyl_labels_seed_607004_unique,uniform,307004,607004,8,7,drop_extra,"[1, 1, 1, 1, 1, 1, 1]",0.875,walsh_degree_1,walsh_k_local,1,0.8545108305660589,0.8545106318513713,1.9871468759369293e-07,2.3254788644639778e-07,15,adam,0.01,constant,1000,50,1e-06,50,abs_eval_loss_delta_le_threshold_on_eval_interval,best_over_restarts_for_row;mean_se_for_figure;median_iqr_in_summary,45,45,300,threshold,3.411818841472268
5,3,8,7,0.875,weyl_seed_307005,weyl_labels_seed_607005_unique,uniform,307005,607005,8,7,drop_extra,"[1, 1, 1, 1, 1, 1, 1]",0.875,walsh_degree_1,walsh_k_local,1,0.714472771287475,0.7144729101130682,-1.388255932432969e-07,-1.9430494599973928e-07,15,adam,0.01,constant,1000,50,1e-06,50,abs_eval_loss_delta_le_threshold_on_eval_interval,best_over_restarts_for_row;mean_se_for_figure;median_iqr_in_summary,48,48,300,threshold,3.1118402909487486
6,3,8,7,0.875,weyl_seed_307006,weyl_labels_seed_607006_unique,uniform,307006,607006,8,7,drop_extra,"[1, 1, 1, 1, 1, 1, 1]",0.875,walsh_degree_1,walsh_k_local,1,0.8190602049092611,0.819059398289487,8.066197740852488e-07,9.848113352969084e-07,15,adam,0.01,constant,1000,50,1e-06,50,abs_eval_loss_delta_le_threshold_on_eval_interval,best_over_restarts_for_row;mean_se_for_figure;median_iqr_in_summary,45,45,350,threshold,3.913773512467742
7,3,8,7,0.875,weyl_seed_307007,weyl_labels_seed_607007_unique,uniform,307007,607007,8,7,drop_extra,"[1, 1, 1, 1, 1, 1, 1]",0.875,walsh_degree_1,walsh_k_local,1,0.7181250391583583,0.7181258324120616,-7.932537032795395e-07,-1.1046178033413677e-06,15,adam,0.01,constant,1000,50,1e-06,50,abs_eval_loss_delta_le_threshold_on_eval_interval,best_over_restarts_for_row;mean_se_for_figure;median_iqr_in_summary,38,38,450,threshold,4.59257035702467
8,3,8,7,0.875,weyl_seed_307008,weyl_labels_seed_607008_unique,uniform,307008,607008,8,7,drop_extra,"[1, 1, 1, 1, 1, 1, 1]",0.875,walsh_degree_1,walsh_k_local,1,0.8557083810862016,0.855708369258586,1.1827615664650182e-08,1.3822016853027295e-08,15,adam,0.01,constant,1000,50,1e-06,50,abs_eval_loss_delta_le_threshold_on_eval_interval,best_over_restarts_for_row;mean_se_for_figure;median_iqr_in_summary,2,2,300,threshold,4.094380244612694
9,3,8,7,0.875,weyl_seed_307009,weyl_labels_seed_607009_unique,uniform,307009,607009,8,7,drop_extra,"[1, 1, 1, 1, 1, 1, 1]",0.875,walsh_degree_1,walsh_k_local,1,0.6807714899828061,0.6807722650468377,-7.750640316217527e-07,-1.138508358570257e-06,15,adam,0.01,constant,1000,50,1e-06,50,abs_eval_loss_delta_le_threshold_on_eval_interval,best_over_restarts_for_row;mean_se_for_figure;median_iqr_in_summary,18,18,350,threshold,4.059029303491116
0,3,8,8,1.0,weyl_seed_308000,weyl_labels_seed_608000_unique,uniform,308000,608000,8,8,drop_extra,"[1, 1, 1, 1, 1, 1, 1, 1]",1.0,walsh_degree_1,walsh_k_local,1,0.7710054242671281,0.7710073573925833,-1.933125455155782e-06,-2.507278670566158e-06,15,adam,0.01,constant,1000,50,1e-06,50,abs_eval_loss_delta_le_threshold_on_eval_interval,best_over_restarts_for_row;mean_se_for_figure;median_iqr_in_summary,25,25,400,threshold,5.014940140768886
1,3,8,8,1.0,weyl_seed_308001,weyl_labels_seed_608001_unique,uniform,308001,608001,8,8,drop_extra,"[1, 1, 1, 1, 1, 1, 1, 1]",1.0,walsh_degree_1,walsh_k_local,1,0.7855572668897552,0.7855577117347334,-4.4484497818686464e-07,-5.662795023819619e-07,15,adam,0.01,constant,1000,50,1e-06,50,abs_eval_loss_delta_le_threshold_on_eval_interval,best_over_restarts_for_row;mean_se_for_figure;median_iqr_in_summary,48,48,300,threshold,3.692640107125044
2,3,8,8,1.0,weyl_seed_308002,weyl_labels_seed_608002_unique,uniform,308002,608002,8,8,drop_extra,"[1, 1, 1, 1, 1, 1, 1, 1]",1.0,walsh_degree_1,walsh_k_local,1,0.8295348730786222,0.8295363805912961,-1.5075126739150235e-06,-1.8172987331084074e-06,15,adam,0.01,constant,1000,50,1e-06,50,abs_eval_loss_delta_le_threshold_on_eval_interval,best_over_restarts_for_row;mean_se_for_figure;median_iqr_in_summary,26,26,1000,threshold,11.072332946583629
3,3,8,8,1.0,weyl_seed_308003,weyl_labels_seed_608003_unique,uniform,308003,608003,8,8,drop_extra,"[1, 1, 1, 1, 1, 1, 1, 1]",1.0,walsh_degree_1,walsh_k_local,1,0.6863409464462593,0.6863428566916376,-1.910245378322628e-06,-2.7832309702830778e-06,15,adam,0.01,constant,1000,50,1e-06,50,abs_eval_loss_delta_le_threshold_on_eval_interval,best_over_restarts_for_row;mean_se_for_figure;median_iqr_in_summary,11,11,350,threshold,4.213947534561157
4,3,8,8,1.0,weyl_seed_308004,weyl_labels_seed_608004_unique,uniform,308004,608004,8,8,drop_extra,"[1, 1, 1, 1, 1, 1, 1, 1]",1.0,walsh_degree_1,walsh_k_local,1,0.8177296341060353,0.8177317359818347,-2.1018757994095694e-06,-2.5703798807626658e-06,15,adam,0.01,constant,1000,50,1e-06,50,abs_eval_loss_delta_le_threshold_on_eval_interval,best_over_restarts_for_row;mean_se_for_figure;median_iqr_in_summary,48,48,350,threshold,3.9543547481298447
5,3,8,8,1.0,weyl_seed_308005,weyl_labels_seed_608005_unique,uniform,308005,608005,8,8,drop_extra,"[1, 1, 1, 1, 1, 1, 1, 1]",1.0,walsh_degree_1,walsh_k_local,1,0.8167435949144891,0.8167453104391003,-1.7155246111455469e-06,-2.1004445236269747e-06,15,adam,0.01,constant,1000,50,1e-06,50,abs_eval_loss_delta_le_threshold_on_eval_interval,best_over_restarts_for_row;mean_se_for_figure;median_iqr_in_summary,14,14,300,threshold,3.6089249216020107
6,3,8,8,1.0,weyl_seed_308006,weyl_labels_seed_608006_unique,uniform,308006,608006,8,8,drop_extra,"[1, 1, 1, 1, 1, 1, 1, 1]",1.0,walsh_degree_1,walsh_k_local,1,0.774859773773951,0.7748628525594357,-3.0787854846670015e-06,-3.973345357279022e-06,15,adam,0.01,constant,1000,50,1e-06,50,abs_eval_loss_delta_le_threshold_on_eval_interval,best_over_restarts_for_row;mean_se_for_figure;median_iqr_in_summary,17,17,300,threshold,3.68739047460258
7,3,8,8,1.0,weyl_seed_308007,weyl_labels_seed_608007_unique,uniform,308007,608007,8,8,drop_extra,"[1, 1, 1, 1, 1, 1, 1, 1]",1.0,walsh_degree_1,walsh_k_local,1,0.7663901190549565,0.7663915453536664,-1.426298709916729e-06,-1.8610609328777786e-06,15,adam,0.01,constant,1000,50,1e-06,50,abs_eval_loss_delta_le_threshold_on_eval_interval,best_over_restarts_for_row;mean_se_for_figure;median_iqr_in_summary,11,11,300,threshold,3.5469864644110203
8,3,8,8,1.0,weyl_seed_308008,weyl_labels_seed_608008_unique,uniform,308008,608008,8,8,drop_extra,"[1, 1, 1, 1, 1, 1, 1, 1]",1.0,walsh_degree_1,walsh_k_local,1,0.7574250083808332,0.7574292897402458,-4.281359412661168e-06,-5.6525192135041055e-06,15,adam,0.01,constant,1000,50,1e-06,50,abs_eval_loss_delta_le_threshold_on_eval_interval,best_over_restarts_for_row;mean_se_for_figure;median_iqr_in_summary,45,45,550,threshold,9.784382563084364
9,3,8,8,1.0,weyl_seed_308009,weyl_labels_seed_608009_unique,uniform,308009,608009,8,8,drop_extra,"[1, 1, 1, 1, 1, 1, 1, 1]",1.0,walsh_degree_1,walsh_k_local,1,0.7887150445490275,0.788724415159656,-9.370610628445242e-06,-1.1880856962482796e-05,15,adam,0.01,constant,1000,50,1e-06,50,abs_eval_loss_delta_le_threshold_on_eval_interval,best_over_restarts_for_row;mean_se_for_figure;median_iqr_in_summary,0,0,300,threshold,73.57732993923128
0,3,8,9,1.125,weyl_seed_309000,weyl_labels_seed_609000_unique,uniform,309000,609000,16,9,drop_extra,"[1, 1, 1, 1, 1, 1, 1, 1, 1]",0.5625,walsh_degree_1,walsh_k_local,1,0.6976769379201079,0.6917046554773686,0.005972282442739285,0.008560240590069757,22,adam,0.01,constant,1000,50,1e-06,50,abs_eval_loss_delta_le_threshold_on_eval_interval,best_over_restarts_for_row;mean_se_for_figure;median_iqr_in_summary,43,43,300,threshold,21.910113766789436
1,3,8,9,1.125,weyl_seed_309001,weyl_labels_seed_609001_unique,uniform,309001,609001,16,9,drop_extra,"[1, 1, 1, 1, 1, 1, 1, 1, 1]",0.5625,walsh_degree_1,walsh_k_local,1,0.7600614553931042,0.7177832326505224,0.04227822274258186,0.05562474250284872,22,adam,0.01,constant,1000,50,1e-06,50,abs_eval_loss_delta_le_threshold_on_eval_interval,best_over_restarts_for_row;mean_se_for_figure;median_iqr_in_summary,14,14,500,threshold,35.542697915807366
2,3,8,9,1.125,weyl_seed_309002,weyl_labels_seed_609002_unique,uniform,309002,609002,16,9,drop_extra,"[1, 1, 1, 1, 1, 1, 1, 1, 1]",0.5625,walsh_degree_1,walsh_k_local,1,0.6767096934236514,0.6525122542332199,0.02419743919043149,0.03575748866254644,22,adam,0.01,constant,1000,50,1e-06,50,abs_eval_loss_delta_le_threshold_on_eval_interval,best_over_restarts_for_row;mean_se_for_figure;median_iqr_in_summary,0,0,300,threshold,269.0965648833662
3,3,8,9,1.125,weyl_seed_309003,weyl_labels_seed_609003_unique,uniform,309003,609003,16,9,drop_extra,"[1, 1, 1, 1, 1, 1, 1, 1, 1]",0.5625,walsh_degree_1,walsh_k_local,1,0.7297702373273574,0.7223418329736926,0.007428404353664764,0.01017910017935215,22,adam,0.01,constant,1000,50,1e-06,50,abs_eval_loss_delta_le_threshold_on_eval_interval,best_over_restarts_for_row;mean_se_for_figure;median_iqr_in_summary,41,41,300,threshold,21.367838637903333
4,3,8,9,1.125,weyl_seed_309004,weyl_labels_seed_609004_unique,uniform,309004,609004,16,9,drop_extra,"[1, 1, 1, 1, 1, 1, 1, 1, 1]",0.5625,walsh_degree_1,walsh_k_local,1,0.721296251925996,0.7176219135660167,0.0036743383599793233,0.005094076601906848,22,adam,0.01,constant,1000,50,1e-06,50,abs_eval_loss_delta_le_threshold_on_eval_interval,best_over_restarts_for_row;mean_se_for_figure;median_iqr_in_summary,43,43,300,threshold,22.233477322384715
5,3,8,9,1.125,weyl_seed_309005,weyl_labels_seed_609005_unique,uniform,309005,609005,16,9,drop_extra,"[1, 1, 1, 1, 1, 1, 1, 1, 1]",0.5625,walsh_degree_1,walsh_k_local,1,0.7041657144196574,0.6329656285746975,0.07120008584495985,0.10111268468053695,22,adam,0.01,constant,1000,50,1e-06,50,abs_eval_loss_delta_le_threshold_on_eval_interval,best_over_restarts_for_row;mean_se_for_figure;median_iqr_in_summary,14,14,1000,max_steps,71.45497069321573
6,3,8,9,1.125,weyl_seed_309006,weyl_labels_seed_609006_unique,uniform,309006,609006,16,9,drop_extra,"[1, 1, 1, 1, 1, 1, 1, 1, 1]",0.5625,walsh_degree_1,walsh_k_local,1,0.6840817328009497,0.6653578536644903,0.018723879136459454,0.027370821699616445,22,adam,0.01,constant,1000,50,1e-06,50,abs_eval_loss_delta_le_threshold_on_eval_interval,best_over_restarts_for_row;mean_se_for_figure;median_iqr_in_summary,30,30,300,threshold,21.84874352812767
7,3,8,9,1.125,weyl_seed_309007,weyl_labels_seed_609007_unique,uniform,309007,609007,16,9,drop_extra,"[1, 1, 1, 1, 1, 1, 1, 1, 1]",0.5625,walsh_degree_1,walsh_k_local,1,0.7608501238502832,0.7214822170449455,0.03936790680533764,0.051741999601861516,22,adam,0.01,constant,1000,50,1e-06,50,abs_eval_loss_delta_le_threshold_on_eval_interval,best_over_restarts_for_row;mean_se_for_figure;median_iqr_in_summary,35,35,300,threshold,21.47299014031887
8,3,8,9,1.125,weyl_seed_309008,weyl_labels_seed_609008_unique,uniform,309008,609008,16,9,drop_extra,"[1, 1, 1, 1, 1, 1, 1, 1, 1]",0.5625,walsh_degree_1,walsh_k_local,1,0.7372067000682518,0.7211670787193716,0.016039621348880262,0.021757291879462418,22,adam,0.01,constant,1000,50,1e-06,50,abs_eval_loss_delta_le_threshold_on_eval_interval,best_over_restarts_for_row;mean_se_for_figure;median_iqr_in_summary,35,35,300,threshold,21.265417659655213
9,3,8,9,1.125,weyl_seed_309009,weyl_labels_seed_609009_unique,uniform,309009,609009,16,9,drop_extra,"[1, 1, 1, 1, 1, 1, 1, 1, 1]",0.5625,walsh_degree_1,walsh_k_local,1,0.7477531864471982,0.6900244745871232,0.057728711860075,0.07720289649899265,22,adam,0.01,constant,1000,50,1e-06,50,abs_eval_loss_delta_le_threshold_on_eval_interval,best_over_restarts_for_row;mean_se_for_figure;median_iqr_in_summary,9,9,300,threshold,21.039018040522933
