instance_id,n_sys,d,M,M_over_d,benchmark_type,ensemble_name,state_generation,state_dtype,basis_order,stateprep_operation,stateprep_decomposition,ensemble_seed,benchmark_internal_seed,data_seed,nested_max_m,fix_global_phase,duplicate_policy,prior_type,raw_outcomes,effective_m_outcomes,projection_strategy,class_group_sizes,coverage_ratio,p_opt,pairwise_fidelity_mean,pairwise_fidelity_std,pairwise_fidelity_max,pairwise_fidelity_count,frame_potential_2,single_qubit_purity_mean,single_qubit_purity_std,single_qubit_purity_min,single_qubit_purity_max,gram_rank_numeric,gram_lambda_min,gram_lambda_max,gram_trace,duplicate_fidelity_threshold,duplicate_threshold_exceeded,p_succ_full,gap_abs_full,p_succ_random_sparse,gap_abs_random_sparse,p_succ_walsh_deg1,gap_abs_walsh_deg1,num_ucr_params_full,num_ucr_params_degree1_budget,num_ucr_params_random_sparse,num_ucr_params_walsh_deg1,random_sparse_execution,random_sparse_theta_dim_full_reference,random_sparse_trainable_param_count_total,sparse_budget_rule,sparse_frozen_fill,optimizer_name,learning_rate,learning_rate_schedule,max_steps,eval_interval,threshold,num_restarts,stopping_rule,aggregation_rule,best_restart_full,best_restart_random_sparse,best_restart_walsh_deg1,seed_opt_full,seed_opt_random_sparse,seed_opt_walsh_deg1,num_steps_full,num_steps_random_sparse,num_steps_walsh_deg1,termination_reason_full,termination_reason_random_sparse,termination_reason_walsh_deg1,wall_clock_sec_full,wall_clock_sec_random_sparse,wall_clock_sec_walsh_deg1
0,3,8,5,0.625,exact_haar_d8,Exact-Haar-D8,normalized_complex_gaussian,complex64,PennyLane/StatePrep computational basis order,qml.StatePrep,MottonenStatePreparation,20260504,1994040886,20360504,12,False,record_only,uniform,8,5,drop_extra,"[1, 1, 1, 1, 1]",0.625,0.88663702914427,0.10161937275537565,0.09168771596498794,0.31387575092552455,10,0.21498650734245778,0.6584516720245337,0.07059511409680715,0.5475039480229504,0.8086649620898031,5,0.18027458076476766,2.064619463721943,5.0,0.98,False,0.8866353083228422,1.7208214277975031e-06,0.5448645851389263,0.3417724440053437,0.8866353150846544,1.7140596155762466e-06,56,15,15,15,active_gate,511,470,blockwise_match_degree1,not_applicable_active_gate,adam,0.01,constant,1000,50,1e-06,50,abs_eval_loss_delta_le_threshold_on_eval_interval,best_over_restarts_for_row;mean_se_for_figure;median_iqr_in_summary,3,2,16,3,2,16,400,300,300,threshold,threshold,threshold,5.552122129127383,2.976309150457382,2.902450395748019
1,3,8,5,0.625,exact_haar_d8,Exact-Haar-D8,normalized_complex_gaussian,complex64,PennyLane/StatePrep computational basis order,qml.StatePrep,MottonenStatePreparation,20260505,980209883,20360505,12,False,record_only,uniform,8,5,drop_extra,"[1, 1, 1, 1, 1]",0.625,0.8609333991877101,0.14601346973453785,0.09635764266615823,0.2988925946497898,10,0.22448378291527823,0.6996362177740484,0.0750097554524733,0.5971103028185084,0.8374242183372436,5,0.17734331797371508,2.4063300540772534,5.0,0.98,False,0.8609330426573273,3.565303827723909e-07,0.570916698367437,0.2900167008202731,0.8609330432768165,3.559108935347055e-07,56,15,15,15,active_gate,511,470,blockwise_match_degree1,not_applicable_active_gate,adam,0.01,constant,1000,50,1e-06,50,abs_eval_loss_delta_le_threshold_on_eval_interval,best_over_restarts_for_row;mean_se_for_figure;median_iqr_in_summary,33,42,30,33,42,30,400,350,300,threshold,threshold,threshold,4.7644437327980995,3.2230756524950266,3.2848392482846975
2,3,8,5,0.625,exact_haar_d8,Exact-Haar-D8,normalized_complex_gaussian,complex64,PennyLane/StatePrep computational basis order,qml.StatePrep,MottonenStatePreparation,20260506,768071746,20360506,12,False,record_only,uniform,8,5,drop_extra,"[1, 1, 1, 1, 1]",0.625,0.8971268033458827,0.09465685204310388,0.07636188958826517,0.2649128179464711,10,0.2118328462561604,0.6548925612300731,0.11373794175780037,0.5198565128697962,0.8392772396359054,5,0.21193355776773584,2.048020957300282,5.0,0.98,False,0.8971260534381241,7.499077585571001e-07,0.8971260499722034,7.533736793297052e-07,0.8971260536823493,7.496635333614776e-07,56,15,15,15,active_gate,511,470,blockwise_match_degree1,not_applicable_active_gate,adam,0.01,constant,1000,50,1e-06,50,abs_eval_loss_delta_le_threshold_on_eval_interval,best_over_restarts_for_row;mean_se_for_figure;median_iqr_in_summary,2,45,31,2,45,31,400,500,350,threshold,threshold,threshold,5.076255334541202,4.737416259944439,3.3744733426719904
3,3,8,5,0.625,exact_haar_d8,Exact-Haar-D8,normalized_complex_gaussian,complex64,PennyLane/StatePrep computational basis order,qml.StatePrep,MottonenStatePreparation,20260507,1734564141,20360507,12,False,record_only,uniform,8,5,drop_extra,"[1, 1, 1, 1, 1]",0.625,0.865033561045766,0.12377279983461964,0.1645030509905502,0.6024885223108558,10,0.2339047678112803,0.6147112969846624,0.09126544160757905,0.5137468850004275,0.8655061658285882,5,0.14776356604432794,2.1804652297930405,5.0,0.98,False,0.8650337416051368,-1.805593707882025e-07,0.7508786581043593,0.11415490294140673,0.8650337908036582,-2.2975789215617937e-07,56,15,15,15,active_gate,511,470,blockwise_match_degree1,not_applicable_active_gate,adam,0.01,constant,1000,50,1e-06,50,abs_eval_loss_delta_le_threshold_on_eval_interval,best_over_restarts_for_row;mean_se_for_figure;median_iqr_in_summary,22,17,32,22,17,32,350,350,550,threshold,threshold,threshold,4.955548403784633,3.3051768727600574,5.077577171847224
4,3,8,5,0.625,exact_haar_d8,Exact-Haar-D8,normalized_complex_gaussian,complex64,PennyLane/StatePrep computational basis order,qml.StatePrep,MottonenStatePreparation,20260508,636702486,20360508,12,False,record_only,uniform,8,5,drop_extra,"[1, 1, 1, 1, 1]",0.625,0.8505934785919512,0.1577263082822262,0.12173432349306973,0.3447248290878696,10,0.2317574670725241,0.647146894709871,0.08445069751561182,0.5321310241795191,0.7841853668823073,5,0.2588027118251761,2.342137923077348,4.999999999999999,0.98,False,0.8505936754939292,-1.9690197794464126e-07,0.850593678164183,-1.9957223174049687e-07,0.8505936781526338,-1.995606825344609e-07,56,15,15,15,active_gate,511,470,blockwise_match_degree1,not_applicable_active_gate,adam,0.01,constant,1000,50,1e-06,50,abs_eval_loss_delta_le_threshold_on_eval_interval,best_over_restarts_for_row;mean_se_for_figure;median_iqr_in_summary,34,10,25,34,10,25,450,600,350,threshold,threshold,threshold,5.935938619077206,5.65871823951602,2.9395054318010807
5,3,8,5,0.625,exact_haar_d8,Exact-Haar-D8,normalized_complex_gaussian,complex64,PennyLane/StatePrep computational basis order,qml.StatePrep,MottonenStatePreparation,20260509,1157600670,20360509,12,False,record_only,uniform,8,5,drop_extra,"[1, 1, 1, 1, 1]",0.625,0.8940587974169516,0.10880907557725084,0.09055116796062532,0.2585375903065863,10,0.21603114315760735,0.620391472952436,0.06132438406303109,0.516244827675697,0.7270501160444315,5,0.3365065851065929,2.06512937373207,5.0,0.98,False,0.8940580097393109,7.876776406678943e-07,0.8940580109504425,7.86466509139494e-07,0.8940580110419454,7.863750062231389e-07,56,15,15,15,active_gate,511,470,blockwise_match_degree1,not_applicable_active_gate,adam,0.01,constant,1000,50,1e-06,50,abs_eval_loss_delta_le_threshold_on_eval_interval,best_over_restarts_for_row;mean_se_for_figure;median_iqr_in_summary,25,21,26,25,21,26,550,350,300,threshold,threshold,threshold,7.098416639491916,3.2888143956661224,3.1173891723155975
6,3,8,5,0.625,exact_haar_d8,Exact-Haar-D8,normalized_complex_gaussian,complex64,PennyLane/StatePrep computational basis order,qml.StatePrep,MottonenStatePreparation,20260510,569379569,20360510,12,False,record_only,uniform,8,5,drop_extra,"[1, 1, 1, 1, 1]",0.625,0.8011551235222266,0.17399613147009635,0.10126754183085374,0.3363806814045702,10,0.2324238150360182,0.6723854322403605,0.11357793717650831,0.5189456272358949,0.9311843966043041,5,0.07606027583770085,2.402595666880752,5.0,0.98,False,0.8011540453093767,1.0782128498920684e-06,0.8011540556231002,1.0678991264612137e-06,0.80115405565371,1.067868516613224e-06,56,15,15,15,active_gate,511,470,blockwise_match_degree1,not_applicable_active_gate,adam,0.01,constant,1000,50,1e-06,50,abs_eval_loss_delta_le_threshold_on_eval_interval,best_over_restarts_for_row;mean_se_for_figure;median_iqr_in_summary,32,19,11,32,19,11,450,550,400,threshold,threshold,threshold,5.381990810856223,4.808531511574984,3.7611695267260075
7,3,8,5,0.625,exact_haar_d8,Exact-Haar-D8,normalized_complex_gaussian,complex64,PennyLane/StatePrep computational basis order,qml.StatePrep,MottonenStatePreparation,20260511,281726802,20360511,12,False,record_only,uniform,8,5,drop_extra,"[1, 1, 1, 1, 1]",0.625,0.8765338896132913,0.12594428485329218,0.1054195392785741,0.3397514741600219,10,0.22158019371913112,0.662354655387782,0.0894749484838352,0.513394502924124,0.8416508479435538,5,0.2140430235760124,2.2531365799110645,5.0,0.98,False,0.8765326378020885,1.2518112028070405e-06,0.8765326456102649,1.24400302636829e-06,0.8765326469265766,1.242686714642005e-06,56,15,15,15,active_gate,511,470,blockwise_match_degree1,not_applicable_active_gate,adam,0.01,constant,1000,50,1e-06,50,abs_eval_loss_delta_le_threshold_on_eval_interval,best_over_restarts_for_row;mean_se_for_figure;median_iqr_in_summary,19,46,47,19,46,47,350,350,350,threshold,threshold,threshold,4.461867740377784,3.326237890869379,3.255918735638261
8,3,8,5,0.625,exact_haar_d8,Exact-Haar-D8,normalized_complex_gaussian,complex64,PennyLane/StatePrep computational basis order,qml.StatePrep,MottonenStatePreparation,20260512,2018255730,20360512,12,False,record_only,uniform,8,5,drop_extra,"[1, 1, 1, 1, 1]",0.625,0.8863956609251993,0.09605816956532562,0.058923598546805844,0.19037615106602176,10,0.21015932992475686,0.6443133382911952,0.06806532607091613,0.5583939750999015,0.761333260766085,5,0.18682512918727778,1.9331897974338281,5.0,0.98,False,0.8863948783473087,7.825778906012104e-07,0.5852381375758449,0.3011575233493544,0.886394885891363,7.750338363310405e-07,56,15,15,15,active_gate,511,470,blockwise_match_degree1,not_applicable_active_gate,adam,0.01,constant,1000,50,1e-06,50,abs_eval_loss_delta_le_threshold_on_eval_interval,best_over_restarts_for_row;mean_se_for_figure;median_iqr_in_summary,8,49,33,8,49,33,450,300,300,threshold,threshold,threshold,6.008187038823962,3.05802203156054,3.1645262259989977
9,3,8,5,0.625,exact_haar_d8,Exact-Haar-D8,normalized_complex_gaussian,complex64,PennyLane/StatePrep computational basis order,qml.StatePrep,MottonenStatePreparation,20260513,139065776,20360513,12,False,record_only,uniform,8,5,drop_extra,"[1, 1, 1, 1, 1]",0.625,0.8591840280466803,0.15515486250036276,0.13185347526041408,0.3547060575008845,10,0.2331666962366041,0.7006827065786908,0.10221699327591378,0.5429056412784701,0.8742779964000535,5,0.24381903709267735,2.4056404918119365,5.0,0.98,False,0.8591823533874678,1.6746592124139426e-06,0.8591823640162517,1.664030428560892e-06,0.8591823642497703,1.6637969099120298e-06,56,15,15,15,active_gate,511,470,blockwise_match_degree1,not_applicable_active_gate,adam,0.01,constant,1000,50,1e-06,50,abs_eval_loss_delta_le_threshold_on_eval_interval,best_over_restarts_for_row;mean_se_for_figure;median_iqr_in_summary,13,17,39,13,17,39,400,350,450,threshold,threshold,threshold,5.093591855838895,3.2166145648807287,4.0510999616235495
0,3,8,6,0.75,exact_haar_d8,Exact-Haar-D8,normalized_complex_gaussian,complex64,PennyLane/StatePrep computational basis order,qml.StatePrep,MottonenStatePreparation,20260504,1994040886,20360504,12,False,record_only,uniform,8,6,drop_extra,"[1, 1, 1, 1, 1, 1]",0.75,0.8372309970506381,0.12749558324338398,0.1232122863484375,0.40816287381738336,15,0.19286365937814998,0.6651193359859996,0.0774765260729259,0.5475039480229504,0.8380949646585012,6,0.16621395919604567,2.540055558532382,6.0,0.98,False,0.8372310986780145,-1.0162737640317943e-07,0.8372310954170713,-9.8366433221031e-08,0.8372311042108587,-1.0716022058598895e-07,56,15,15,15,active_gate,511,470,blockwise_match_degree1,not_applicable_active_gate,adam,0.01,constant,1000,50,1e-06,50,abs_eval_loss_delta_le_threshold_on_eval_interval,best_over_restarts_for_row;mean_se_for_figure;median_iqr_in_summary,25,36,17,25,36,17,550,400,300,threshold,threshold,threshold,7.710120603442192,4.037987682968378,3.2152187302708626
1,3,8,6,0.75,exact_haar_d8,Exact-Haar-D8,normalized_complex_gaussian,complex64,PennyLane/StatePrep computational basis order,qml.StatePrep,MottonenStatePreparation,20260505,980209883,20360505,12,False,record_only,uniform,8,6,drop_extra,"[1, 1, 1, 1, 1, 1]",0.75,0.8107263542784335,0.15059089926985225,0.10942982727756895,0.4090811553674544,15,0.1955437550340845,0.7052274373115885,0.07052158271296442,0.5971103028185084,0.8374242183372436,6,0.058868851761021954,2.7385983148601962,6.0,0.98,False,0.8107265906747332,-2.363962996465574e-07,0.7437645346216701,0.0669618196567634,0.8107265928658267,-2.3858739317539346e-07,56,15,15,15,active_gate,511,470,blockwise_match_degree1,not_applicable_active_gate,adam,0.01,constant,1000,50,1e-06,50,abs_eval_loss_delta_le_threshold_on_eval_interval,best_over_restarts_for_row;mean_se_for_figure;median_iqr_in_summary,14,48,45,14,48,45,400,600,300,threshold,threshold,threshold,5.492789089679718,6.140242174267769,3.388455905020237
2,3,8,6,0.75,exact_haar_d8,Exact-Haar-D8,normalized_complex_gaussian,complex64,PennyLane/StatePrep computational basis order,qml.StatePrep,MottonenStatePreparation,20260506,768071746,20360506,12,False,record_only,uniform,8,6,drop_extra,"[1, 1, 1, 1, 1, 1]",0.75,0.8531928227911072,0.10667923128057118,0.0954992292552603,0.3070030527903763,15,0.183750467645802,0.6880862653953321,0.12764492982467787,0.5198565128697962,0.8606886073467277,6,0.16604623384854145,2.2617024922434235,6.0,0.98,False,0.8531934263956452,-6.03604538018665e-07,0.7476050446267604,0.10558777816434683,0.8531934292714564,-6.064803491634407e-07,56,15,15,15,active_gate,511,470,blockwise_match_degree1,not_applicable_active_gate,adam,0.01,constant,1000,50,1e-06,50,abs_eval_loss_delta_le_threshold_on_eval_interval,best_over_restarts_for_row;mean_se_for_figure;median_iqr_in_summary,29,2,20,29,2,20,400,500,300,threshold,threshold,threshold,5.335578652098775,5.175090102478862,3.2004569340497255
3,3,8,6,0.75,exact_haar_d8,Exact-Haar-D8,normalized_complex_gaussian,complex64,PennyLane/StatePrep computational basis order,qml.StatePrep,MottonenStatePreparation,20260507,1734564141,20360507,12,False,record_only,uniform,8,6,drop_extra,"[1, 1, 1, 1, 1, 1]",0.75,0.8451461163669091,0.10012560225955967,0.14134968303318368,0.6024885223108558,15,0.19167072426785087,0.6285556111413197,0.09826361248433327,0.5137468850004275,0.8655061658285882,6,0.05830538978971513,2.2331164220542705,6.0,0.98,False,0.8451453818871422,7.344797668951131e-07,0.8451453858469575,7.305199515306171e-07,0.8451453858975638,7.304693452336863e-07,56,15,15,15,active_gate,511,470,blockwise_match_degree1,not_applicable_active_gate,adam,0.01,constant,1000,50,1e-06,50,abs_eval_loss_delta_le_threshold_on_eval_interval,best_over_restarts_for_row;mean_se_for_figure;median_iqr_in_summary,20,47,8,20,47,8,400,600,350,threshold,threshold,threshold,5.56912793405354,7.192645827308297,3.50220232270658
4,3,8,6,0.75,exact_haar_d8,Exact-Haar-D8,normalized_complex_gaussian,complex64,PennyLane/StatePrep computational basis order,qml.StatePrep,MottonenStatePreparation,20260508,636702486,20360508,12,False,record_only,uniform,8,6,drop_extra,"[1, 1, 1, 1, 1, 1]",0.75,0.8145230890342146,0.13968060719176323,0.10941303353483074,0.3447248290878696,15,0.1929015699439613,0.6719945396816427,0.09711443141781687,0.5321310241795191,0.8654667839651747,6,0.10261227508273593,2.515534852068795,5.999999999999999,0.98,False,0.8145230089124018,8.012181273997498e-08,0.7088280649837535,0.10569502405046105,0.8145230183813112,7.065290330565688e-08,56,15,15,15,active_gate,511,470,blockwise_match_degree1,not_applicable_active_gate,adam,0.01,constant,1000,50,1e-06,50,abs_eval_loss_delta_le_threshold_on_eval_interval,best_over_restarts_for_row;mean_se_for_figure;median_iqr_in_summary,38,46,17,38,46,17,450,400,300,threshold,threshold,threshold,6.424868350848556,4.723729556426406,2.996863966807723
5,3,8,6,0.75,exact_haar_d8,Exact-Haar-D8,normalized_complex_gaussian,complex64,PennyLane/StatePrep computational basis order,qml.StatePrep,MottonenStatePreparation,20260509,1157600670,20360509,12,False,record_only,uniform,8,6,drop_extra,"[1, 1, 1, 1, 1, 1]",0.75,0.808162095782045,0.12316556021415556,0.09818935464866684,0.3123953365011639,15,0.18734242049099034,0.6262034064554387,0.06299570189468559,0.516244827675697,0.7407658688677623,6,0.03524993440179593,2.235565762701657,6.0,0.98,False,0.808162106266575,-1.0484530021948046e-08,0.703094960697525,0.10506713508452004,0.8081621122948072,-1.651276215763886e-08,56,15,15,15,active_gate,511,470,blockwise_match_degree1,not_applicable_active_gate,adam,0.01,constant,1000,50,1e-06,50,abs_eval_loss_delta_le_threshold_on_eval_interval,best_over_restarts_for_row;mean_se_for_figure;median_iqr_in_summary,40,5,33,40,5,33,400,600,350,threshold,threshold,threshold,5.664115672931075,6.242672149091959,3.830441553145647
6,3,8,6,0.75,exact_haar_d8,Exact-Haar-D8,normalized_complex_gaussian,complex64,PennyLane/StatePrep computational basis order,qml.StatePrep,MottonenStatePreparation,20260510,569379569,20360510,12,False,record_only,uniform,8,6,drop_extra,"[1, 1, 1, 1, 1, 1]",0.75,0.7841216964770898,0.148047552130722,0.10534022677795339,0.3363806814045702,15,0.19417886755794123,0.6855851908925102,0.1088833458408985,0.5189456272358949,0.9311843966043041,6,0.07529094606621095,2.413004075662116,6.0,0.98,False,0.7841217308674479,-3.4390358005786936e-08,0.7841217327653691,-3.628827927038003e-08,0.784121733864896,-3.7387806184341343e-08,56,15,15,15,active_gate,511,470,blockwise_match_degree1,not_applicable_active_gate,adam,0.01,constant,1000,50,1e-06,50,abs_eval_loss_delta_le_threshold_on_eval_interval,best_over_restarts_for_row;mean_se_for_figure;median_iqr_in_summary,20,31,6,20,31,6,350,350,350,threshold,threshold,threshold,4.906319307163358,3.732324432581663,3.961960732936859
7,3,8,6,0.75,exact_haar_d8,Exact-Haar-D8,normalized_complex_gaussian,complex64,PennyLane/StatePrep computational basis order,qml.StatePrep,MottonenStatePreparation,20260511,281726802,20360511,12,False,record_only,uniform,8,6,drop_extra,"[1, 1, 1, 1, 1, 1]",0.75,0.8326231829479218,0.11948671685901013,0.10811326956314166,0.3397514741600219,15,0.18830462880114815,0.6744902645608926,0.09496913849076755,0.513394502924124,0.872975178784043,6,0.07658601018456523,2.4396857197387156,6.0,0.98,False,0.8326238692764902,-6.86328568422212e-07,0.8326238724271434,-6.89479221605005e-07,0.8326238726072537,-6.896593318650446e-07,56,15,15,15,active_gate,511,470,blockwise_match_degree1,not_applicable_active_gate,adam,0.01,constant,1000,50,1e-06,50,abs_eval_loss_delta_le_threshold_on_eval_interval,best_over_restarts_for_row;mean_se_for_figure;median_iqr_in_summary,27,4,10,27,4,10,400,350,350,threshold,threshold,threshold,5.4562929179519415,3.7633585557341576,3.610960178077221
8,3,8,6,0.75,exact_haar_d8,Exact-Haar-D8,normalized_complex_gaussian,complex64,PennyLane/StatePrep computational basis order,qml.StatePrep,MottonenStatePreparation,20260512,2018255730,20360512,12,False,record_only,uniform,8,6,drop_extra,"[1, 1, 1, 1, 1, 1]",0.75,0.8549754633993585,0.10047141452712403,0.05521944636465846,0.19037615106602176,15,0.17761974366158392,0.6356919631075406,0.06555184578267523,0.5583939750999015,0.761333260766085,6,0.13017760828035105,2.011014066270337,6.0,0.98,False,0.8549753124216644,1.509776941244212e-07,0.7386624041569286,0.11631305924242985,0.8549753195157044,1.4388365410233916e-07,56,15,15,15,active_gate,511,470,blockwise_match_degree1,not_applicable_active_gate,adam,0.01,constant,1000,50,1e-06,50,abs_eval_loss_delta_le_threshold_on_eval_interval,best_over_restarts_for_row;mean_se_for_figure;median_iqr_in_summary,40,17,20,40,17,20,350,350,300,threshold,threshold,threshold,4.416004676371813,4.715749777853489,2.931567745283246
9,3,8,6,0.75,exact_haar_d8,Exact-Haar-D8,normalized_complex_gaussian,complex64,PennyLane/StatePrep computational basis order,qml.StatePrep,MottonenStatePreparation,20260513,139065776,20360513,12,False,record_only,uniform,8,6,drop_extra,"[1, 1, 1, 1, 1, 1]",0.75,0.8428527971837949,0.12948021835090753,0.11679008801691323,0.3547060575008845,15,0.19200420966933093,0.6991223335035467,0.09727862597464447,0.5429056412784701,0.8742779964000535,6,0.20803259676830924,2.4164949347988665,6.0,0.98,False,0.842853106882113,-3.09698318101681e-07,0.8428531146712408,-3.1748744588888655e-07,0.8428531151382614,-3.1795446653326565e-07,56,15,15,15,active_gate,511,470,blockwise_match_degree1,not_applicable_active_gate,adam,0.01,constant,1000,50,1e-06,50,abs_eval_loss_delta_le_threshold_on_eval_interval,best_over_restarts_for_row;mean_se_for_figure;median_iqr_in_summary,24,10,49,24,10,49,450,450,350,threshold,threshold,threshold,5.804672941565514,4.889543613418937,4.014587348327041
0,3,8,7,0.875,exact_haar_d8,Exact-Haar-D8,normalized_complex_gaussian,complex64,PennyLane/StatePrep computational basis order,qml.StatePrep,MottonenStatePreparation,20260504,1994040886,20360504,12,False,record_only,uniform,8,7,drop_extra,"[1, 1, 1, 1, 1, 1, 1]",0.875,0.7909328151064925,0.15171489700556912,0.1364678173933463,0.4188572498986701,21,0.17854932156358352,0.6717319323425857,0.0747029768202976,0.5475039480229504,0.8380949646585012,7,0.07534884337696149,3.0951522200792407,7.0,0.98,False,0.7909326548357342,1.6027075833147109e-07,0.6918753356871137,0.09905747941937881,0.7909326603544707,1.5475202175263547e-07,56,15,15,15,active_gate,511,470,blockwise_match_degree1,not_applicable_active_gate,adam,0.01,constant,1000,50,1e-06,50,abs_eval_loss_delta_le_threshold_on_eval_interval,best_over_restarts_for_row;mean_se_for_figure;median_iqr_in_summary,25,2,8,25,2,8,500,600,300,threshold,threshold,threshold,7.377305991947651,6.997477672994137,3.899563852697611
1,3,8,7,0.875,exact_haar_d8,Exact-Haar-D8,normalized_complex_gaussian,complex64,PennyLane/StatePrep computational basis order,qml.StatePrep,MottonenStatePreparation,20260505,980209883,20360505,12,False,record_only,uniform,8,7,drop_extra,"[1, 1, 1, 1, 1, 1, 1]",0.875,0.7760260591751738,0.14476337712250767,0.10877089156540788,0.4090811553674544,21,0.1709607504638689,0.6916556142616184,0.07906508954932355,0.5264431875438146,0.8374242183372436,7,0.04962968516443911,2.9438379823775707,7.0,0.98,False,0.7760253687573943,6.904177795030719e-07,0.7760253735301844,6.856449893399841e-07,0.7760253736738171,6.855013566786639e-07,56,15,15,15,active_gate,511,470,blockwise_match_degree1,not_applicable_active_gate,adam,0.01,constant,1000,50,1e-06,50,abs_eval_loss_delta_le_threshold_on_eval_interval,best_over_restarts_for_row;mean_se_for_figure;median_iqr_in_summary,14,20,31,14,20,31,400,350,350,threshold,threshold,threshold,5.95985116623342,4.629545267671347,3.725437130779028
2,3,8,7,0.875,exact_haar_d8,Exact-Haar-D8,normalized_complex_gaussian,complex64,PennyLane/StatePrep computational basis order,qml.StatePrep,MottonenStatePreparation,20260506,768071746,20360506,12,False,record_only,uniform,8,7,drop_extra,"[1, 1, 1, 1, 1, 1, 1]",0.875,0.8156119746907458,0.09843802977281978,0.09095660499376645,0.3070030527903763,21,0.15825412831218283,0.6774373755461539,0.12226873452819452,0.5198565128697962,0.8606886073467277,7,0.042563435298494594,2.351752412774374,7.0,0.98,False,0.8156123061829095,-3.3149216371874957e-07,0.8156123198615134,-3.4517076763496135e-07,0.8156123198467948,-3.45156049075257e-07,56,15,15,15,active_gate,511,470,blockwise_match_degree1,not_applicable_active_gate,adam,0.01,constant,1000,50,1e-06,50,abs_eval_loss_delta_le_threshold_on_eval_interval,best_over_restarts_for_row;mean_se_for_figure;median_iqr_in_summary,18,9,6,18,9,6,450,350,300,threshold,threshold,threshold,6.512160517275333,5.93172787129879,4.481513252481818
3,3,8,7,0.875,exact_haar_d8,Exact-Haar-D8,normalized_complex_gaussian,complex64,PennyLane/StatePrep computational basis order,qml.StatePrep,MottonenStatePreparation,20260507,1734564141,20360507,12,False,record_only,uniform,8,7,drop_extra,"[1, 1, 1, 1, 1, 1, 1]",0.875,0.8116078595984877,0.1012446235878172,0.12929527014191328,0.6024885223108558,21,0.16597234915986497,0.6157918449342601,0.09698604501921756,0.5078324075679939,0.8655061658285882,7,0.033793473942867525,2.3224341866120604,7.0,0.98,False,0.8116034185409529,4.441057534831927e-06,0.8116034239398706,4.435658617074623e-06,0.8116034240835498,4.435514937894958e-06,56,15,15,15,active_gate,511,470,blockwise_match_degree1,not_applicable_active_gate,adam,0.01,constant,1000,50,1e-06,50,abs_eval_loss_delta_le_threshold_on_eval_interval,best_over_restarts_for_row;mean_se_for_figure;median_iqr_in_summary,48,9,23,48,9,23,400,350,350,threshold,threshold,threshold,5.866637401282787,4.622314577922225,4.081994753330946
4,3,8,7,0.875,exact_haar_d8,Exact-Haar-D8,normalized_complex_gaussian,complex64,PennyLane/StatePrep computational basis order,qml.StatePrep,MottonenStatePreparation,20260508,636702486,20360508,12,False,record_only,uniform,8,7,drop_extra,"[1, 1, 1, 1, 1, 1, 1]",0.875,0.7693865900534397,0.15362391014070714,0.1295450501124011,0.5055975309002197,21,0.17747047923618098,0.6847668863921643,0.09807799776242464,0.5321310241795191,0.8654667839651747,7,0.06403229899027103,2.8650944188034058,6.999999999999999,0.98,False,0.769386199865021,3.9018841868632137e-07,0.7693862084705914,3.8158284831890654e-07,0.7693862085048977,3.815485419833564e-07,56,15,15,15,active_gate,511,470,blockwise_match_degree1,not_applicable_active_gate,adam,0.01,constant,1000,50,1e-06,50,abs_eval_loss_delta_le_threshold_on_eval_interval,best_over_restarts_for_row;mean_se_for_figure;median_iqr_in_summary,12,36,16,12,36,16,400,500,300,threshold,threshold,threshold,5.7010586485266685,6.1769441571086645,4.571645485237241
5,3,8,7,0.875,exact_haar_d8,Exact-Haar-D8,normalized_complex_gaussian,complex64,PennyLane/StatePrep computational basis order,qml.StatePrep,MottonenStatePreparation,20260509,1157600670,20360509,12,False,record_only,uniform,8,7,drop_extra,"[1, 1, 1, 1, 1, 1, 1]",0.875,0.7650537956546843,0.13679601100141495,0.09929967380355777,0.3275899896506685,21,0.1673487775800504,0.6148458195969779,0.06480419688047236,0.516244827675697,0.7407658688677623,7,0.014379084091730365,2.698948069823625,7.0,0.98,False,0.7650508797265965,2.9159280878765514e-06,0.5845054754799148,0.18054832017476952,0.7650508863151928,2.909339491541374e-06,56,15,15,15,active_gate,511,470,blockwise_match_degree1,not_applicable_active_gate,adam,0.01,constant,1000,50,1e-06,50,abs_eval_loss_delta_le_threshold_on_eval_interval,best_over_restarts_for_row;mean_se_for_figure;median_iqr_in_summary,28,29,46,28,29,46,400,450,400,threshold,threshold,threshold,5.8858912494033575,5.206465957686305,4.291759308427572
6,3,8,7,0.875,exact_haar_d8,Exact-Haar-D8,normalized_complex_gaussian,complex64,PennyLane/StatePrep computational basis order,qml.StatePrep,MottonenStatePreparation,20260510,569379569,20360510,12,False,record_only,uniform,8,7,drop_extra,"[1, 1, 1, 1, 1, 1, 1]",0.875,0.7628076973171558,0.12171774362618401,0.10023209533906086,0.3363806814045702,21,0.16416715604243548,0.6870371802716568,0.10208799370811847,0.5189456272358949,0.9311843966043041,7,0.027447319586381712,2.4716867941416436,7.0,0.98,False,0.7628085755590832,-8.782419274044884e-07,0.681063147787316,0.08174454952983978,0.7628085882224972,-8.909053413885815e-07,56,15,15,15,active_gate,511,470,blockwise_match_degree1,not_applicable_active_gate,adam,0.01,constant,1000,50,1e-06,50,abs_eval_loss_delta_le_threshold_on_eval_interval,best_over_restarts_for_row;mean_se_for_figure;median_iqr_in_summary,20,28,4,20,28,4,400,450,700,threshold,threshold,threshold,6.46195612847805,5.096863631159067,8.954099817201495
7,3,8,7,0.875,exact_haar_d8,Exact-Haar-D8,normalized_complex_gaussian,complex64,PennyLane/StatePrep computational basis order,qml.StatePrep,MottonenStatePreparation,20260511,281726802,20360511,12,False,record_only,uniform,8,7,drop_extra,"[1, 1, 1, 1, 1, 1, 1]",0.875,0.8048661060251946,0.12086063638974119,0.09590091669611722,0.3397514741600219,21,0.16326081078716184,0.672505840910616,0.10066703709227386,0.513394502924124,0.872975178784043,7,0.05057531651992997,2.7681759600985902,7.0,0.98,False,0.8048654660401076,6.399850870364432e-07,0.8048654701949303,6.358302643283409e-07,0.8048654732034689,6.328217256879043e-07,56,15,15,15,active_gate,511,470,blockwise_match_degree1,not_applicable_active_gate,adam,0.01,constant,1000,50,1e-06,50,abs_eval_loss_delta_le_threshold_on_eval_interval,best_over_restarts_for_row;mean_se_for_figure;median_iqr_in_summary,24,31,21,24,31,21,400,400,300,threshold,threshold,threshold,5.915849078446627,4.820970544591546,4.630684282630682
8,3,8,7,0.875,exact_haar_d8,Exact-Haar-D8,normalized_complex_gaussian,complex64,PennyLane/StatePrep computational basis order,qml.StatePrep,MottonenStatePreparation,20260512,2018255730,20360512,12,False,record_only,uniform,8,7,drop_extra,"[1, 1, 1, 1, 1, 1, 1]",0.875,0.7951037056514206,0.10873874000006997,0.07868186798373085,0.2915672030887967,21,0.15829852850818185,0.6710128841336899,0.10615610535388031,0.5583939750999015,0.9135464591314939,7,0.051639814478675924,2.3074321283995145,7.0,0.98,False,0.7951036560975993,4.955382137961095e-08,0.7098225304323422,0.08528117521907841,0.7951036578213009,4.783011975373341e-08,56,15,15,15,active_gate,511,470,blockwise_match_degree1,not_applicable_active_gate,adam,0.01,constant,1000,50,1e-06,50,abs_eval_loss_delta_le_threshold_on_eval_interval,best_over_restarts_for_row;mean_se_for_figure;median_iqr_in_summary,25,49,46,25,49,46,350,350,450,threshold,threshold,threshold,4.987402252852917,4.169418666511774,4.919709322974086
9,3,8,7,0.875,exact_haar_d8,Exact-Haar-D8,normalized_complex_gaussian,complex64,PennyLane/StatePrep computational basis order,qml.StatePrep,MottonenStatePreparation,20260513,139065776,20360513,12,False,record_only,uniform,8,7,drop_extra,"[1, 1, 1, 1, 1, 1, 1]",0.875,0.7927441553576726,0.13154015885125667,0.12106406709434316,0.3547060575008845,21,0.17025084719888928,0.7092746293455767,0.09408185117083956,0.5429056412784701,0.8742779964000535,7,0.08754769618899395,2.462702270496817,7.0,0.98,False,0.7927434093586925,7.459989801450462e-07,0.7927434151215229,7.402361497099719e-07,0.7927434151184083,7.402392643296452e-07,56,15,15,15,active_gate,511,470,blockwise_match_degree1,not_applicable_active_gate,adam,0.01,constant,1000,50,1e-06,50,abs_eval_loss_delta_le_threshold_on_eval_interval,best_over_restarts_for_row;mean_se_for_figure;median_iqr_in_summary,34,11,22,34,11,22,450,500,350,threshold,threshold,threshold,6.971637725830078,5.781328272074461,4.263853153213859
0,3,8,8,1.0,exact_haar_d8,Exact-Haar-D8,normalized_complex_gaussian,complex64,PennyLane/StatePrep computational basis order,qml.StatePrep,MottonenStatePreparation,20260504,1994040886,20360504,12,False,record_only,uniform,8,8,drop_extra,"[1, 1, 1, 1, 1, 1, 1, 1]",1.0,0.7363286068040555,0.1401881773387817,0.12427104729826505,0.4188572498986701,28,0.15570901597940517,0.6726770207681699,0.07921934142197865,0.5475039480229504,0.8380949646585012,8,0.002732558384581048,3.1672685744997975,8.0,0.98,False,0.7363280632562181,5.435478374060665e-07,0.7363281069401042,4.9986395134205e-07,0.7363281069942914,4.998097641317756e-07,56,15,15,15,active_gate,511,470,blockwise_match_degree1,not_applicable_active_gate,adam,0.01,constant,1000,50,1e-06,50,abs_eval_loss_delta_le_threshold_on_eval_interval,best_over_restarts_for_row;mean_se_for_figure;median_iqr_in_summary,17,44,27,17,44,27,450,500,450,threshold,threshold,threshold,7.10446528531611,6.3641326893121,5.231487233191729
1,3,8,8,1.0,exact_haar_d8,Exact-Haar-D8,normalized_complex_gaussian,complex64,PennyLane/StatePrep computational basis order,qml.StatePrep,MottonenStatePreparation,20260505,980209883,20360505,12,False,record_only,uniform,8,8,drop_extra,"[1, 1, 1, 1, 1, 1, 1, 1]",1.0,0.734958500736856,0.14432336218379258,0.11531508512709401,0.4414796698798448,28,0.1548609515136652,0.6873948933447469,0.07836837988429197,0.5264431875438146,0.8374242183372436,8,0.01707414638573925,3.2312642703286025,7.999999999999999,0.98,False,0.7349589887106467,-4.87973790708196e-07,0.6910180900301337,0.04394041070672228,0.734958990178614,-4.894417580114663e-07,56,15,15,15,active_gate,511,470,blockwise_match_degree1,not_applicable_active_gate,adam,0.01,constant,1000,50,1e-06,50,abs_eval_loss_delta_le_threshold_on_eval_interval,best_over_restarts_for_row;mean_se_for_figure;median_iqr_in_summary,26,16,39,26,16,39,600,450,450,threshold,threshold,threshold,9.108271019533277,5.768940547481179,5.22886236384511
2,3,8,8,1.0,exact_haar_d8,Exact-Haar-D8,normalized_complex_gaussian,complex64,PennyLane/StatePrep computational basis order,qml.StatePrep,MottonenStatePreparation,20260506,768071746,20360506,12,False,record_only,uniform,8,8,drop_extra,"[1, 1, 1, 1, 1, 1, 1, 1]",1.0,0.7698677073865516,0.11760655515839515,0.11030547669467113,0.415227224277186,28,0.1477487750044304,0.6719178460661462,0.1169275216912796,0.5198565128697962,0.8606886073467277,8,0.020657610427927173,2.885710808417141,8.0,0.98,False,0.7698682229985077,-5.156119560201233e-07,0.7136607797933285,0.0562069275932231,0.7698682236206379,-5.162340862563397e-07,56,15,15,15,active_gate,511,470,blockwise_match_degree1,not_applicable_active_gate,adam,0.01,constant,1000,50,1e-06,50,abs_eval_loss_delta_le_threshold_on_eval_interval,best_over_restarts_for_row;mean_se_for_figure;median_iqr_in_summary,32,26,49,32,26,49,700,500,300,threshold,threshold,threshold,10.534822223708034,6.223390040919185,3.825257370248437
3,3,8,8,1.0,exact_haar_d8,Exact-Haar-D8,normalized_complex_gaussian,complex64,PennyLane/StatePrep computational basis order,qml.StatePrep,MottonenStatePreparation,20260507,1734564141,20360507,12,False,record_only,uniform,8,8,drop_extra,"[1, 1, 1, 1, 1, 1, 1, 1]",1.0,0.7884714228224481,0.08893105147751545,0.11586612934415348,0.6024885223108558,28,0.14366698036533104,0.6265947504312591,0.09811629387011768,0.5078324075679939,0.8655061658285882,8,0.023453255706949054,2.339235803209382,8.0,0.98,False,0.788471328074799,9.474764905981203e-08,0.6930201011807968,0.09545132164165127,0.7884713293666166,9.345583151798564e-08,56,15,15,15,active_gate,511,470,blockwise_match_degree1,not_applicable_active_gate,adam,0.01,constant,1000,50,1e-06,50,abs_eval_loss_delta_le_threshold_on_eval_interval,best_over_restarts_for_row;mean_se_for_figure;median_iqr_in_summary,3,16,4,3,16,4,400,400,400,threshold,threshold,threshold,6.380241544917226,5.254895033314824,5.797198444604874
4,3,8,8,1.0,exact_haar_d8,Exact-Haar-D8,normalized_complex_gaussian,complex64,PennyLane/StatePrep computational basis order,qml.StatePrep,MottonenStatePreparation,20260508,636702486,20360508,12,False,record_only,uniform,8,8,drop_extra,"[1, 1, 1, 1, 1, 1, 1, 1]",1.0,0.7420854738828628,0.14291227068935483,0.11796967304582624,0.5055975309002197,28,0.15504816576311067,0.6679401239290845,0.10205830827048763,0.5321310241795191,0.8654667839651747,8,0.032206825881722044,2.9959322525168686,7.999999999999998,0.98,False,0.742085615051381,-1.4116851820844545e-07,0.6839324152267736,0.05815305865608922,0.7420856184839413,-1.446010784444951e-07,56,15,15,15,active_gate,511,470,blockwise_match_degree1,not_applicable_active_gate,adam,0.01,constant,1000,50,1e-06,50,abs_eval_loss_delta_le_threshold_on_eval_interval,best_over_restarts_for_row;mean_se_for_figure;median_iqr_in_summary,7,33,19,7,33,19,400,400,700,threshold,threshold,threshold,6.776116479188204,5.092757996171713,7.933037180453539
5,3,8,8,1.0,exact_haar_d8,Exact-Haar-D8,normalized_complex_gaussian,complex64,PennyLane/StatePrep computational basis order,qml.StatePrep,MottonenStatePreparation,20260509,1157600670,20360509,12,False,record_only,uniform,8,8,drop_extra,"[1, 1, 1, 1, 1, 1, 1, 1]",1.0,0.7297705151846481,0.14133554248106536,0.09212569247380899,0.3275899896506685,28,0.14990501893442137,0.6137835023553251,0.06303119404047453,0.516244827675697,0.7407658688677623,8,0.00994628966974877,3.0332871318864916,8.0,0.98,False,0.7297703320998236,1.830848245232275e-07,0.6678812330525628,0.06188928213208533,0.7297703443096514,1.708749967077594e-07,56,15,15,15,active_gate,511,470,blockwise_match_degree1,not_applicable_active_gate,adam,0.01,constant,1000,50,1e-06,50,abs_eval_loss_delta_le_threshold_on_eval_interval,best_over_restarts_for_row;mean_se_for_figure;median_iqr_in_summary,34,32,37,34,32,37,600,300,350,threshold,threshold,threshold,8.993348767980933,3.806443152949214,4.560103569179773
6,3,8,8,1.0,exact_haar_d8,Exact-Haar-D8,normalized_complex_gaussian,complex64,PennyLane/StatePrep computational basis order,qml.StatePrep,MottonenStatePreparation,20260510,569379569,20360510,12,False,record_only,uniform,8,8,drop_extra,"[1, 1, 1, 1, 1, 1, 1, 1]",1.0,0.7288145475293009,0.12346855838871769,0.10609532518448984,0.4087999877910607,28,0.14818811506951696,0.6777166463800818,0.11038465049797384,0.5079796577040934,0.9311843966043041,8,0.005257862812760761,2.765345731028369,8.0,0.98,False,0.7288145446114613,2.917839525551358e-09,0.6963956620765005,0.03241888545280036,0.7288145453468098,2.1824910767520578e-09,56,15,15,15,active_gate,511,470,blockwise_match_degree1,not_applicable_active_gate,adam,0.01,constant,1000,50,1e-06,50,abs_eval_loss_delta_le_threshold_on_eval_interval,best_over_restarts_for_row;mean_se_for_figure;median_iqr_in_summary,2,31,4,2,31,4,600,350,500,threshold,threshold,threshold,9.160329710692167,4.482905521988869,6.8907426204532385
7,3,8,8,1.0,exact_haar_d8,Exact-Haar-D8,normalized_complex_gaussian,complex64,PennyLane/StatePrep computational basis order,qml.StatePrep,MottonenStatePreparation,20260511,281726802,20360511,12,False,record_only,uniform,8,8,drop_extra,"[1, 1, 1, 1, 1, 1, 1, 1]",1.0,0.7525023963513999,0.1254376214990293,0.09527503000522507,0.3397514741600219,28,0.1467104372011015,0.6767525039491424,0.09690528813215157,0.513394502924124,0.872975178784043,8,0.024938716324896706,3.0023992101913115,8.0,0.98,False,0.7525021313281481,2.6502325178867636e-07,0.6364393256748201,0.11606307067657984,0.7525021366553091,2.5969609085407797e-07,56,15,15,15,active_gate,511,470,blockwise_match_degree1,not_applicable_active_gate,adam,0.01,constant,1000,50,1e-06,50,abs_eval_loss_delta_le_threshold_on_eval_interval,best_over_restarts_for_row;mean_se_for_figure;median_iqr_in_summary,12,5,13,12,5,13,450,400,300,threshold,threshold,threshold,6.2844884023070335,5.209143616259098,3.6374230291694403
8,3,8,8,1.0,exact_haar_d8,Exact-Haar-D8,normalized_complex_gaussian,complex64,PennyLane/StatePrep computational basis order,qml.StatePrep,MottonenStatePreparation,20260512,2018255730,20360512,12,False,record_only,uniform,8,8,drop_extra,"[1, 1, 1, 1, 1, 1, 1, 1]",1.0,0.7383197582831922,0.11578099084872649,0.08603026972162268,0.2982657401400293,28,0.1432056395065021,0.6682421877826336,0.10569601298119959,0.5583939750999015,0.9135464591314939,8,0.03036782562432827,2.5722586148231494,8.0,0.98,False,0.7383195805803372,1.7770285498652783e-07,0.7383195593958899,1.988873022940041e-07,0.7383195864027586,1.7188043355265137e-07,56,15,15,15,active_gate,511,470,blockwise_match_degree1,not_applicable_active_gate,adam,0.01,constant,1000,50,1e-06,50,abs_eval_loss_delta_le_threshold_on_eval_interval,best_over_restarts_for_row;mean_se_for_figure;median_iqr_in_summary,22,44,25,22,44,25,700,700,300,threshold,threshold,threshold,9.946917353197932,9.285824824124575,3.316547889262438
9,3,8,8,1.0,exact_haar_d8,Exact-Haar-D8,normalized_complex_gaussian,complex64,PennyLane/StatePrep computational basis order,qml.StatePrep,MottonenStatePreparation,20260513,139065776,20360513,12,False,record_only,uniform,8,8,drop_extra,"[1, 1, 1, 1, 1, 1, 1, 1]",1.0,0.7494311406046219,0.11691738478850565,0.11454947132626556,0.3547060575008845,28,0.14844234921604665,0.6909391914307911,0.10052495918156074,0.5429056412784701,0.8742779964000535,8,0.005979545601246152,2.5736344575080783,8.0,0.98,False,0.7494313769362684,-2.3633164647485216e-07,0.7494313919692539,-2.5136463199793013e-07,0.749431393306943,-2.5270232106855417e-07,56,15,15,15,active_gate,511,470,blockwise_match_degree1,not_applicable_active_gate,adam,0.01,constant,1000,50,1e-06,50,abs_eval_loss_delta_le_threshold_on_eval_interval,best_over_restarts_for_row;mean_se_for_figure;median_iqr_in_summary,49,44,37,49,44,37,450,450,450,threshold,threshold,threshold,6.5093928426504135,7.643940096721053,5.54061034321785
0,3,8,9,1.125,exact_haar_d8,Exact-Haar-D8,normalized_complex_gaussian,complex64,PennyLane/StatePrep computational basis order,qml.StatePrep,MottonenStatePreparation,20260504,1994040886,20360504,12,False,record_only,uniform,16,9,drop_extra,"[1, 1, 1, 1, 1, 1, 1, 1, 1]",0.5625,0.6979091250967158,0.13791641671737004,0.11766765729459328,0.4188572498986701,36,0.14032588050965072,0.6737218167005664,0.08184142036448411,0.5475039480229504,0.8380949646585012,8,-2.625489157113635e-16,3.4383556108570676,9.0,0.98,False,0.6979100681300405,-9.430333247628653e-07,0.5888248613908289,0.10908426370588686,0.6547612568681493,0.04314786822856642,120,22,22,22,active_gate,1095,997,blockwise_match_degree1,not_applicable_active_gate,adam,0.01,constant,1000,50,1e-06,50,abs_eval_loss_delta_le_threshold_on_eval_interval,best_over_restarts_for_row;mean_se_for_figure;median_iqr_in_summary,0,41,49,0,41,49,600,1000,1000,threshold,max_steps,max_steps,300.29711332544684,60.39489617571235,75.14702235721052
1,3,8,9,1.125,exact_haar_d8,Exact-Haar-D8,normalized_complex_gaussian,complex64,PennyLane/StatePrep computational basis order,qml.StatePrep,MottonenStatePreparation,20260505,980209883,20360505,12,False,record_only,uniform,16,9,drop_extra,"[1, 1, 1, 1, 1, 1, 1, 1, 1]",0.5625,0.6848227951986277,0.13550096079873603,0.10704330475873877,0.4414796698798448,36,0.13761669286315806,0.6719394010334625,0.08637864586799487,0.507816239311553,0.8374242183372436,8,1.461150383745639e-16,3.3989569222989027,8.999999999999998,0.98,False,0.6848235272529959,-7.320543682354241e-07,0.49176729407306785,0.1930555011255598,0.6533903258434355,0.03143246935519217,120,22,22,22,active_gate,1095,997,blockwise_match_degree1,not_applicable_active_gate,adam,0.01,constant,1000,50,1e-06,50,abs_eval_loss_delta_le_threshold_on_eval_interval,best_over_restarts_for_row;mean_se_for_figure;median_iqr_in_summary,36,17,46,36,17,46,650,450,1000,threshold,threshold,max_steps,60.23172966577113,27.271575145423412,71.31424829736352
2,3,8,9,1.125,exact_haar_d8,Exact-Haar-D8,normalized_complex_gaussian,complex64,PennyLane/StatePrep computational basis order,qml.StatePrep,MottonenStatePreparation,20260506,768071746,20360506,12,False,record_only,uniform,16,9,drop_extra,"[1, 1, 1, 1, 1, 1, 1, 1, 1]",0.5625,0.7057802500514585,0.11897471560260203,0.12109733124192586,0.4320093062368567,36,0.13672848585478825,0.6818831732273217,0.1146018070886335,0.5198565128697962,0.8606886073467277,8,-2.885982737382725e-16,3.121983087776833,9.0,0.98,False,0.7057808986273966,-6.485759380669975e-07,0.5189686652243888,0.18681158482706972,0.68432730990638,0.02145294014507848,120,22,22,22,active_gate,1095,997,blockwise_match_degree1,not_applicable_active_gate,adam,0.01,constant,1000,50,1e-06,50,abs_eval_loss_delta_le_threshold_on_eval_interval,best_over_restarts_for_row;mean_se_for_figure;median_iqr_in_summary,6,19,7,6,19,7,550,350,350,threshold,threshold,threshold,49.95373481139541,20.77028284035623,24.125819394364953
3,3,8,9,1.125,exact_haar_d8,Exact-Haar-D8,normalized_complex_gaussian,complex64,PennyLane/StatePrep computational basis order,qml.StatePrep,MottonenStatePreparation,20260507,1734564141,20360507,12,False,record_only,uniform,16,9,drop_extra,"[1, 1, 1, 1, 1, 1, 1, 1, 1]",0.5625,0.727190978505786,0.09900155178109198,0.11202213968319362,0.6024885223108558,36,0.13097801514156907,0.6228991584929396,0.10149022348471459,0.5020492940641329,0.8655061658285882,8,5.746128252600106e-17,2.635274401668513,9.0,0.98,False,0.727190247078034,7.314277519210322e-07,0.6195326048808995,0.1076583736248865,0.7008634038954802,0.02632757461030577,120,22,22,22,active_gate,1095,997,blockwise_match_degree1,not_applicable_active_gate,adam,0.01,constant,1000,50,1e-06,50,abs_eval_loss_delta_le_threshold_on_eval_interval,best_over_restarts_for_row;mean_se_for_figure;median_iqr_in_summary,3,16,37,3,16,37,750,450,350,threshold,threshold,threshold,66.4422337654978,27.397555224597454,25.551695423200727
4,3,8,9,1.125,exact_haar_d8,Exact-Haar-D8,normalized_complex_gaussian,complex64,PennyLane/StatePrep computational basis order,qml.StatePrep,MottonenStatePreparation,20260508,636702486,20360508,12,False,record_only,uniform,16,9,drop_extra,"[1, 1, 1, 1, 1, 1, 1, 1, 1]",0.5625,0.6701116750534063,0.14833487567386763,0.11496606088994515,0.5055975309002197,36,0.1424181604424287,0.6592502280187181,0.10369463878471442,0.5200013282227103,0.8654667839651747,8,9.508439817808073e-17,3.2608617876773307,8.999999999999998,0.98,False,0.6701127697795466,-1.0947261402938224e-06,0.5173317782103912,0.15277989684301507,0.6596316609052841,0.010480014148122163,120,22,22,22,active_gate,1095,997,blockwise_match_degree1,not_applicable_active_gate,adam,0.01,constant,1000,50,1e-06,50,abs_eval_loss_delta_le_threshold_on_eval_interval,best_over_restarts_for_row;mean_se_for_figure;median_iqr_in_summary,19,37,12,19,37,12,650,500,300,threshold,threshold,threshold,57.24079373292625,31.33972161822021,21.817273838445544
5,3,8,9,1.125,exact_haar_d8,Exact-Haar-D8,normalized_complex_gaussian,complex64,PennyLane/StatePrep computational basis order,qml.StatePrep,MottonenStatePreparation,20260509,1157600670,20360509,12,False,record_only,uniform,16,9,drop_extra,"[1, 1, 1, 1, 1, 1, 1, 1, 1]",0.5625,0.6767679574006602,0.13926711584114837,0.09160424387466744,0.3275899896506685,36,0.13581037071161012,0.6135089311093341,0.06497019434343354,0.516244827675697,0.7407658688677623,8,2.012206506307613e-16,3.0722375199898333,9.0,0.98,False,0.6767686491234133,-6.917227530767178e-07,0.5660521039575809,0.11071585344307933,0.6486847505111059,0.028083206889554346,120,22,22,22,active_gate,1095,997,blockwise_match_degree1,not_applicable_active_gate,adam,0.01,constant,1000,50,1e-06,50,abs_eval_loss_delta_le_threshold_on_eval_interval,best_over_restarts_for_row;mean_se_for_figure;median_iqr_in_summary,23,29,31,23,29,31,700,350,350,threshold,threshold,threshold,63.310593754053116,22.804668175056577,25.086533842608333
6,3,8,9,1.125,exact_haar_d8,Exact-Haar-D8,normalized_complex_gaussian,complex64,PennyLane/StatePrep computational basis order,qml.StatePrep,MottonenStatePreparation,20260510,569379569,20360510,12,False,record_only,uniform,16,9,drop_extra,"[1, 1, 1, 1, 1, 1, 1, 1, 1]",0.5625,0.705821096672268,0.11748981035027722,0.09762202617859879,0.4087999877910607,36,0.13185236936120812,0.6702873307087645,0.10932095392572151,0.5079796577040934,0.9311843966043041,8,-2.1746385074628898e-16,2.771981426559215,9.0,0.98,False,0.7058205319928363,5.646794316582771e-07,0.6108091874808598,0.09501190919140823,0.6508357777591696,0.054985318913098435,120,22,22,22,active_gate,1095,997,blockwise_match_degree1,not_applicable_active_gate,adam,0.01,constant,1000,50,1e-06,50,abs_eval_loss_delta_le_threshold_on_eval_interval,best_over_restarts_for_row;mean_se_for_figure;median_iqr_in_summary,39,36,42,39,36,42,1000,750,1000,threshold,threshold,max_steps,86.42054997570813,47.2325111720711,73.971833338961
7,3,8,9,1.125,exact_haar_d8,Exact-Haar-D8,normalized_complex_gaussian,complex64,PennyLane/StatePrep computational basis order,qml.StatePrep,MottonenStatePreparation,20260511,281726802,20360511,12,False,record_only,uniform,16,9,drop_extra,"[1, 1, 1, 1, 1, 1, 1, 1, 1]",0.5625,0.6884460451986953,0.12564976262995378,0.09962257349698862,0.4002881189595545,36,0.1339666844436681,0.6641927208997095,0.09855227778550671,0.513394502924124,0.872975178784043,8,7.086248083505944e-17,3.122131505144029,9.0,0.98,False,0.6884474182355245,-1.373036829122043e-06,0.6184763172412364,0.06996972795745893,0.6688907881356937,0.019555257063001652,120,22,22,22,active_gate,1095,997,blockwise_match_degree1,not_applicable_active_gate,adam,0.01,constant,1000,50,1e-06,50,abs_eval_loss_delta_le_threshold_on_eval_interval,best_over_restarts_for_row;mean_se_for_figure;median_iqr_in_summary,18,6,28,18,6,28,700,300,300,threshold,threshold,threshold,62.94099392555654,17.61246994510293,21.109314508736134
8,3,8,9,1.125,exact_haar_d8,Exact-Haar-D8,normalized_complex_gaussian,complex64,PennyLane/StatePrep computational basis order,qml.StatePrep,MottonenStatePreparation,20260512,2018255730,20360512,12,False,record_only,uniform,16,9,drop_extra,"[1, 1, 1, 1, 1, 1, 1, 1, 1]",0.5625,0.6896732904957361,0.11609384723530915,0.08414566487836031,0.2982657401400293,36,0.12938513269663704,0.6649841908248894,0.10699188640398856,0.5463250803935924,0.9135464591314939,8,6.045274124162012e-17,2.6550278546846826,9.0,0.98,False,0.6896752981294787,-2.0076337425845026e-06,0.6228614949500564,0.06681179554567973,0.6562840767923851,0.03338921370335102,120,22,22,22,active_gate,1095,997,blockwise_match_degree1,not_applicable_active_gate,adam,0.01,constant,1000,50,1e-06,50,abs_eval_loss_delta_le_threshold_on_eval_interval,best_over_restarts_for_row;mean_se_for_figure;median_iqr_in_summary,18,21,24,18,21,24,600,650,400,threshold,threshold,threshold,53.44024100340903,39.81579929590225,29.105988781899214
9,3,8,9,1.125,exact_haar_d8,Exact-Haar-D8,normalized_complex_gaussian,complex64,PennyLane/StatePrep computational basis order,qml.StatePrep,MottonenStatePreparation,20260513,139065776,20360513,12,False,record_only,uniform,16,9,drop_extra,"[1, 1, 1, 1, 1, 1, 1, 1, 1]",0.5625,0.6914894205862596,0.12227310229147517,0.10930350858831282,0.3547060575008845,36,0.13502041647439728,0.6804926127062957,0.09965586426671352,0.5429056412784701,0.8742779964000535,8,-4.749187806330808e-16,2.921061395512416,9.0,0.98,False,0.6914884548681544,9.657181052613595e-07,0.6228274404254195,0.06866198016084013,0.6661612384875848,0.025328182098674823,120,22,22,22,active_gate,1095,997,blockwise_match_degree1,not_applicable_active_gate,adam,0.01,constant,1000,50,1e-06,50,abs_eval_loss_delta_le_threshold_on_eval_interval,best_over_restarts_for_row;mean_se_for_figure;median_iqr_in_summary,45,0,41,45,0,41,600,400,350,threshold,threshold,threshold,52.32394811138511,256.7033248320222,25.883994694799185
0,3,8,10,1.25,exact_haar_d8,Exact-Haar-D8,normalized_complex_gaussian,complex64,PennyLane/StatePrep computational basis order,qml.StatePrep,MottonenStatePreparation,20260504,1994040886,20360504,12,False,record_only,uniform,16,10,drop_extra,"[1, 1, 1, 1, 1, 1, 1, 1, 1, 1]",0.625,0.6613085217500649,0.1206436254812163,0.11304787613790482,0.4188572498986701,45,0.12460123600168874,0.6706597858141734,0.08856625250736376,0.5475039480229504,0.8380949646585012,8,-2.3327113093522644e-16,3.467667457102459,10.0,0.98,False,0.6613068574310226,1.6643190423604182e-06,0.5458035214515433,0.11550500029852162,0.6146209751078475,0.046687546642217415,120,22,22,22,active_gate,1095,997,blockwise_match_degree1,not_applicable_active_gate,adam,0.01,constant,1000,50,1e-06,50,abs_eval_loss_delta_le_threshold_on_eval_interval,best_over_restarts_for_row;mean_se_for_figure;median_iqr_in_summary,14,44,16,14,44,16,550,500,1000,threshold,threshold,max_steps,53.68414609320462,37.31174201890826,85.38341895490885
1,3,8,10,1.25,exact_haar_d8,Exact-Haar-D8,normalized_complex_gaussian,complex64,PennyLane/StatePrep computational basis order,qml.StatePrep,MottonenStatePreparation,20260505,980209883,20360505,12,False,record_only,uniform,16,10,drop_extra,"[1, 1, 1, 1, 1, 1, 1, 1, 1, 1]",0.625,0.6316586974320023,0.12920015314174088,0.10626118679624622,0.4414796698798448,45,0.1251857074520764,0.6657869390015331,0.0882508771178584,0.507816239311553,0.8374242183372436,8,-1.7878616946946678e-16,3.4705840539493553,9.999999999999998,0.98,False,0.631658542473803,1.5495819927213716e-07,0.5826172523916935,0.04904144504030883,0.6014118293159623,0.03024686811604005,120,22,22,22,active_gate,1095,997,blockwise_match_degree1,not_applicable_active_gate,adam,0.01,constant,1000,50,1e-06,50,abs_eval_loss_delta_le_threshold_on_eval_interval,best_over_restarts_for_row;mean_se_for_figure;median_iqr_in_summary,0,47,32,0,47,32,500,300,1000,threshold,threshold,max_steps,331.1623633932322,27.44162823818624,87.66268263198435
2,3,8,10,1.25,exact_haar_d8,Exact-Haar-D8,normalized_complex_gaussian,complex64,PennyLane/StatePrep computational basis order,qml.StatePrep,MottonenStatePreparation,20260506,768071746,20360506,12,False,record_only,uniform,16,10,drop_extra,"[1, 1, 1, 1, 1, 1, 1, 1, 1, 1]",0.625,0.6422127856407109,0.1235641285752818,0.11555377778452383,0.4320093062368567,45,0.1257586924877595,0.6992057312185345,0.12082469725756942,0.5198565128697962,0.8932220019841997,8,-3.106822173980952e-16,3.339003865766452,10.0,0.98,False,0.6422130083058053,-2.226650943626396e-07,0.5320642278036234,0.11014855783708755,0.620006532308649,0.022206253332061943,120,22,22,22,active_gate,1095,997,blockwise_match_degree1,not_applicable_active_gate,adam,0.01,constant,1000,50,1e-06,50,abs_eval_loss_delta_le_threshold_on_eval_interval,best_over_restarts_for_row;mean_se_for_figure;median_iqr_in_summary,44,42,2,44,42,2,550,500,1000,threshold,threshold,max_steps,52.42182771116495,37.31785432063043,78.87039067223668
3,3,8,10,1.25,exact_haar_d8,Exact-Haar-D8,normalized_complex_gaussian,complex64,PennyLane/StatePrep computational basis order,qml.StatePrep,MottonenStatePreparation,20260507,1734564141,20360507,12,False,record_only,uniform,16,10,drop_extra,"[1, 1, 1, 1, 1, 1, 1, 1, 1, 1]",0.625,0.6793236222296063,0.09893979597257971,0.10370559498373996,0.6024885223108558,45,0.11848954029222447,0.630206930388148,0.10003832186299459,0.5020492940641329,0.8655061658285882,8,-5.514204577865354e-16,2.7204826869744547,10.0,0.98,False,0.6793234375783155,1.846512908132425e-07,0.5687276237249639,0.11059599850464241,0.638593573899602,0.040730048330004265,120,22,22,22,active_gate,1095,997,blockwise_match_degree1,not_applicable_active_gate,adam,0.01,constant,1000,50,1e-06,50,abs_eval_loss_delta_le_threshold_on_eval_interval,best_over_restarts_for_row;mean_se_for_figure;median_iqr_in_summary,28,28,10,28,28,10,600,400,1000,threshold,threshold,max_steps,56.78873501904309,26.36954070441425,75.62846193835139
4,3,8,10,1.25,exact_haar_d8,Exact-Haar-D8,normalized_complex_gaussian,complex64,PennyLane/StatePrep computational basis order,qml.StatePrep,MottonenStatePreparation,20260508,636702486,20360508,12,False,record_only,uniform,16,10,drop_extra,"[1, 1, 1, 1, 1, 1, 1, 1, 1, 1]",0.625,0.6171157282176616,0.15091876683912642,0.12214208949806936,0.5055975309002197,45,0.13392564779007723,0.6635260925107294,0.10180695638871146,0.5200013282227103,0.8654667839651747,8,-3.5401180963734686e-16,3.5906627075663313,9.999999999999998,0.98,False,0.6171154710560951,2.571615664859195e-07,0.5915488752634364,0.025566852954225228,0.5962610088418998,0.020854719375761777,120,22,22,22,active_gate,1095,997,blockwise_match_degree1,not_applicable_active_gate,adam,0.01,constant,1000,50,1e-06,50,abs_eval_loss_delta_le_threshold_on_eval_interval,best_over_restarts_for_row;mean_se_for_figure;median_iqr_in_summary,4,2,24,4,2,24,550,1000,1000,threshold,threshold,max_steps,53.00396855175495,62.64272622205317,76.25844531320035
5,3,8,10,1.25,exact_haar_d8,Exact-Haar-D8,normalized_complex_gaussian,complex64,PennyLane/StatePrep computational basis order,qml.StatePrep,MottonenStatePreparation,20260509,1157600670,20360509,12,False,record_only,uniform,16,10,drop_extra,"[1, 1, 1, 1, 1, 1, 1, 1, 1, 1]",0.625,0.6295932434849537,0.13640556736922393,0.08750591580451894,0.3275899896506685,45,0.12363738769909666,0.6322192700965629,0.08974158536044391,0.516244827675697,0.9486276922835677,8,-8.344414291597639e-17,3.3785907478332757,10.0,0.98,False,0.6295884931015061,4.750383447604811e-06,0.5652953287864795,0.06429791469847423,0.5971397429184868,0.0324535005664669,120,22,22,22,active_gate,1095,997,blockwise_match_degree1,not_applicable_active_gate,adam,0.01,constant,1000,50,1e-06,50,abs_eval_loss_delta_le_threshold_on_eval_interval,best_over_restarts_for_row;mean_se_for_figure;median_iqr_in_summary,41,15,43,41,15,43,550,500,1000,threshold,threshold,max_steps,52.42838956043124,32.53361418657005,79.67075836658478
6,3,8,10,1.25,exact_haar_d8,Exact-Haar-D8,normalized_complex_gaussian,complex64,PennyLane/StatePrep computational basis order,qml.StatePrep,MottonenStatePreparation,20260510,569379569,20360510,12,False,record_only,uniform,16,10,drop_extra,"[1, 1, 1, 1, 1, 1, 1, 1, 1, 1]",0.625,0.669234725573687,0.10941814524900813,0.09361766424453914,0.4087999877910607,45,0.11866293781150268,0.6895049637096434,0.11895140894048589,0.5079796577040934,0.9311843966043041,8,-1.2638998240025492e-16,2.9376709604458227,10.0,0.98,False,0.6692308710158708,3.854557816262982e-06,0.5791895530488016,0.09004517252488542,0.6141656964362273,0.0550690291374597,120,22,22,22,active_gate,1095,997,blockwise_match_degree1,not_applicable_active_gate,adam,0.01,constant,1000,50,1e-06,50,abs_eval_loss_delta_le_threshold_on_eval_interval,best_over_restarts_for_row;mean_se_for_figure;median_iqr_in_summary,38,19,20,38,19,20,500,550,1000,threshold,threshold,max_steps,46.61933265812695,35.547059589996934,75.0216477997601
7,3,8,10,1.25,exact_haar_d8,Exact-Haar-D8,normalized_complex_gaussian,complex64,PennyLane/StatePrep computational basis order,qml.StatePrep,MottonenStatePreparation,20260511,281726802,20360511,12,False,record_only,uniform,16,10,drop_extra,"[1, 1, 1, 1, 1, 1, 1, 1, 1, 1]",0.625,0.6344571034856803,0.12746834098001703,0.10357412915422011,0.4002881189595545,45,0.12427820036402767,0.6813128424442568,0.10705892016924334,0.513394502924124,0.8757585790542362,8,8.836422692452371e-17,3.275716914689694,10.0,0.98,False,0.634456850191109,2.532945713173973e-07,0.5473434254168053,0.08711367806887504,0.6078114760878583,0.026645627397821947,120,22,22,22,active_gate,1095,997,blockwise_match_degree1,not_applicable_active_gate,adam,0.01,constant,1000,50,1e-06,50,abs_eval_loss_delta_le_threshold_on_eval_interval,best_over_restarts_for_row;mean_se_for_figure;median_iqr_in_summary,29,32,24,29,32,24,450,400,850,threshold,threshold,threshold,44.22359989024699,26.133937316015363,64.6243599448353
8,3,8,10,1.25,exact_haar_d8,Exact-Haar-D8,normalized_complex_gaussian,complex64,PennyLane/StatePrep computational basis order,qml.StatePrep,MottonenStatePreparation,20260512,2018255730,20360512,12,False,record_only,uniform,16,10,drop_extra,"[1, 1, 1, 1, 1, 1, 1, 1, 1, 1]",0.625,0.6419324824385808,0.12265996261221129,0.08144338742388446,0.2982657401400293,45,0.11951064260479548,0.6621400816032855,0.10724519955144864,0.5463250803935924,0.9135464591314939,8,-9.224648982631414e-17,3.0878234557158137,10.0,0.98,False,0.6419312452307999,1.23720778089087e-06,0.5642495355559602,0.07768294688262056,0.6028521304200194,0.039080352018561415,120,22,22,22,active_gate,1095,997,blockwise_match_degree1,not_applicable_active_gate,adam,0.01,constant,1000,50,1e-06,50,abs_eval_loss_delta_le_threshold_on_eval_interval,best_over_restarts_for_row;mean_se_for_figure;median_iqr_in_summary,7,32,3,7,32,3,450,500,1000,threshold,threshold,max_steps,43.31542920321226,32.74046812206507,85.70956782251596
9,3,8,10,1.25,exact_haar_d8,Exact-Haar-D8,normalized_complex_gaussian,complex64,PennyLane/StatePrep computational basis order,qml.StatePrep,MottonenStatePreparation,20260513,139065776,20360513,12,False,record_only,uniform,16,10,drop_extra,"[1, 1, 1, 1, 1, 1, 1, 1, 1, 1]",0.625,0.6659139481724695,0.11377544972096876,0.10409176961372585,0.3547060575008845,45,0.1214019545144731,0.7022380990217896,0.1149032324639514,0.5429056412784701,0.9108928379968311,8,-2.8019431001218025e-16,2.987693652133458,10.0,0.98,False,0.665913751653418,1.965190514763293e-07,0.5070490079338255,0.15886494023864406,0.6201213659295318,0.045792582242937696,120,22,22,22,active_gate,1095,997,blockwise_match_degree1,not_applicable_active_gate,adam,0.01,constant,1000,50,1e-06,50,abs_eval_loss_delta_le_threshold_on_eval_interval,best_over_restarts_for_row;mean_se_for_figure;median_iqr_in_summary,0,18,24,0,18,24,500,550,1000,threshold,threshold,max_steps,329.06701834499836,35.75581348314881,79.39911677874625
0,3,8,11,1.375,exact_haar_d8,Exact-Haar-D8,normalized_complex_gaussian,complex64,PennyLane/StatePrep computational basis order,qml.StatePrep,MottonenStatePreparation,20260504,1994040886,20360504,12,False,record_only,uniform,16,11,drop_extra,"[1, 1, 1, 1, 1, 1, 1, 1, 1, 1, 1]",0.6875,0.6181617103309949,0.11978291063248149,0.12229249210568284,0.5482038447204779,55,0.11754854482273408,0.6736238173301557,0.0961220165596845,0.5475039480229504,0.9136119037010356,8,-4.3031266595517743e-16,3.6345467527436286,11.0,0.98,False,0.6181629480105634,-1.2376795684998498e-06,0.5771326547933977,0.04102905553759717,0.588484763366933,0.029676946964061868,120,22,22,22,active_gate,1095,997,blockwise_match_degree1,not_applicable_active_gate,adam,0.01,constant,1000,50,1e-06,50,abs_eval_loss_delta_le_threshold_on_eval_interval,best_over_restarts_for_row;mean_se_for_figure;median_iqr_in_summary,37,24,2,37,24,2,600,400,700,threshold,threshold,threshold,60.46765840053558,41.73010144010186,58.71550653502345
1,3,8,11,1.375,exact_haar_d8,Exact-Haar-D8,normalized_complex_gaussian,complex64,PennyLane/StatePrep computational basis order,qml.StatePrep,MottonenStatePreparation,20260505,980209883,20360505,12,False,record_only,uniform,16,11,drop_extra,"[1, 1, 1, 1, 1, 1, 1, 1, 1, 1, 1]",0.6875,0.5955415126819581,0.13125271871562005,0.10450352301265294,0.4414796698798448,55,0.11649842044754342,0.6650263950060485,0.08803858593023044,0.507816239311553,0.8374242183372436,8,-3.104418220140039e-16,3.7679116047534524,10.999999999999998,0.98,False,0.595538639464867,2.8732170911371924e-06,0.4670276656239891,0.12851384705796898,0.5755176550957881,0.02002385758616998,120,22,22,22,active_gate,1095,997,blockwise_match_degree1,not_applicable_active_gate,adam,0.01,constant,1000,50,1e-06,50,abs_eval_loss_delta_le_threshold_on_eval_interval,best_over_restarts_for_row;mean_se_for_figure;median_iqr_in_summary,46,4,1,46,4,1,500,350,1000,threshold,threshold,max_steps,48.78050822019577,35.567608434706926,83.77745065651834
2,3,8,11,1.375,exact_haar_d8,Exact-Haar-D8,normalized_complex_gaussian,complex64,PennyLane/StatePrep computational basis order,qml.StatePrep,MottonenStatePreparation,20260506,768071746,20360506,12,False,record_only,uniform,16,11,drop_extra,"[1, 1, 1, 1, 1, 1, 1, 1, 1, 1, 1]",0.6875,0.5911663087630612,0.12277834619293936,0.11091440680985666,0.4320093062368567,55,0.11579684357441425,0.6895925683763682,0.11932336499049943,0.5198565128697962,0.8932220019841997,8,-7.911326746983217e-16,3.3859615777564094,11.0,0.98,False,0.5911738192681308,-7.510505069641127e-06,0.5148477383487091,0.07631857041435208,0.5768360642777585,0.014330244485302734,120,22,22,22,active_gate,1095,997,blockwise_match_degree1,not_applicable_active_gate,adam,0.01,constant,1000,50,1e-06,50,abs_eval_loss_delta_le_threshold_on_eval_interval,best_over_restarts_for_row;mean_se_for_figure;median_iqr_in_summary,29,21,49,29,21,49,650,400,1000,threshold,threshold,max_steps,63.612625701352954,41.6083855740726,78.99451070278883
3,3,8,11,1.375,exact_haar_d8,Exact-Haar-D8,normalized_complex_gaussian,complex64,PennyLane/StatePrep computational basis order,qml.StatePrep,MottonenStatePreparation,20260507,1734564141,20360507,12,False,record_only,uniform,16,11,drop_extra,"[1, 1, 1, 1, 1, 1, 1, 1, 1, 1, 1]",0.6875,0.6237772114635878,0.10040167092476554,0.10109098984245479,0.6024885223108558,55,0.10936353068346566,0.6318474801340372,0.09679683362653001,0.5020492940641329,0.8655061658285882,8,-8.196565333298647e-16,2.819098738680971,11.0,0.98,False,0.6237799216470836,-2.7101834958465076e-06,0.5792803368400423,0.04449687462354546,0.5977141236747322,0.026063087788855577,120,22,22,22,active_gate,1095,997,blockwise_match_degree1,not_applicable_active_gate,adam,0.01,constant,1000,50,1e-06,50,abs_eval_loss_delta_le_threshold_on_eval_interval,best_over_restarts_for_row;mean_se_for_figure;median_iqr_in_summary,16,48,14,16,48,14,550,500,1000,threshold,threshold,threshold,56.61842487938702,53.2979359831661,80.16957151889801
4,3,8,11,1.375,exact_haar_d8,Exact-Haar-D8,normalized_complex_gaussian,complex64,PennyLane/StatePrep computational basis order,qml.StatePrep,MottonenStatePreparation,20260508,636702486,20360508,12,False,record_only,uniform,16,11,drop_extra,"[1, 1, 1, 1, 1, 1, 1, 1, 1, 1, 1]",0.6875,0.6027533255791065,0.13519803900014055,0.11758328538602626,0.5055975309002197,55,0.12009485341059563,0.6556851943375174,0.10026279740508408,0.5200013282227103,0.8654667839651747,8,-1.5261581048104094e-16,3.6277672787509303,10.999999999999998,0.98,False,0.6027539713035197,-6.457244131619078e-07,0.5546888179013134,0.048064507677793133,0.5795076016622873,0.023245723916819228,120,22,22,22,active_gate,1095,997,blockwise_match_degree1,not_applicable_active_gate,adam,0.01,constant,1000,50,1e-06,50,abs_eval_loss_delta_le_threshold_on_eval_interval,best_over_restarts_for_row;mean_se_for_figure;median_iqr_in_summary,35,41,26,35,41,26,600,600,1000,threshold,threshold,max_steps,60.58499607257545,63.49871623516083,78.08092098869383
5,3,8,11,1.375,exact_haar_d8,Exact-Haar-D8,normalized_complex_gaussian,complex64,PennyLane/StatePrep computational basis order,qml.StatePrep,MottonenStatePreparation,20260509,1157600670,20360509,12,False,record_only,uniform,16,11,drop_extra,"[1, 1, 1, 1, 1, 1, 1, 1, 1, 1, 1]",0.6875,0.5943582791284132,0.1372428673428748,0.08438788176829351,0.3275899896506685,55,0.11450629020530308,0.6353538836781751,0.08905057435096862,0.516244827675697,0.9486276922835677,8,-1.1346866133825132e-16,3.7288863317504886,11.0,0.98,False,0.594356380734349,1.8983940641703612e-06,0.389168776445202,0.20518950268321123,0.5703202285034121,0.024038050625001084,120,22,22,22,active_gate,1095,997,blockwise_match_degree1,not_applicable_active_gate,adam,0.01,constant,1000,50,1e-06,50,abs_eval_loss_delta_le_threshold_on_eval_interval,best_over_restarts_for_row;mean_se_for_figure;median_iqr_in_summary,9,46,31,9,46,31,700,300,1000,threshold,threshold,max_steps,74.98958019912243,32.142793003469706,77.08865281380713
6,3,8,11,1.375,exact_haar_d8,Exact-Haar-D8,normalized_complex_gaussian,complex64,PennyLane/StatePrep computational basis order,qml.StatePrep,MottonenStatePreparation,20260510,569379569,20360510,12,False,record_only,uniform,16,11,drop_extra,"[1, 1, 1, 1, 1, 1, 1, 1, 1, 1, 1]",0.6875,0.6338536151421033,0.10276856675163666,0.08958818254329243,0.4087999877910607,55,0.10780674614872351,0.6889971167360603,0.11432461003327,0.5079796577040934,0.9311843966043041,8,-1.0341336380165379e-17,3.071080197042866,11.0,0.98,False,0.6338559724763544,-2.357334251135157e-06,0.6111320685759865,0.0227215465661168,0.5963635400201219,0.037490075121981326,120,22,22,22,active_gate,1095,997,blockwise_match_degree1,not_applicable_active_gate,adam,0.01,constant,1000,50,1e-06,50,abs_eval_loss_delta_le_threshold_on_eval_interval,best_over_restarts_for_row;mean_se_for_figure;median_iqr_in_summary,28,36,34,28,36,34,550,1000,1000,threshold,max_steps,threshold,56.078821539878845,107.17214768193662,77.0229895785451
7,3,8,11,1.375,exact_haar_d8,Exact-Haar-D8,normalized_complex_gaussian,complex64,PennyLane/StatePrep computational basis order,qml.StatePrep,MottonenStatePreparation,20260511,281726802,20360511,12,False,record_only,uniform,16,11,drop_extra,"[1, 1, 1, 1, 1, 1, 1, 1, 1, 1, 1]",0.6875,0.6081854051403559,0.12736881481363252,0.10558664428397382,0.4002881189595545,55,0.11579214039834532,0.6762278268928735,0.10661599024330327,0.513394502924124,0.8757585790542362,8,-3.364592883669375e-16,3.4988798642936048,11.0,0.98,False,0.6081851978350472,2.0730530869705888e-07,0.47641949758024016,0.13176590756011575,0.5794105882534539,0.028774816886901977,120,22,22,22,active_gate,1095,997,blockwise_match_degree1,not_applicable_active_gate,adam,0.01,constant,1000,50,1e-06,50,abs_eval_loss_delta_le_threshold_on_eval_interval,best_over_restarts_for_row;mean_se_for_figure;median_iqr_in_summary,28,7,8,28,7,8,850,450,1000,threshold,threshold,threshold,84.47380859963596,47.289594205096364,80.81407538428903
8,3,8,11,1.375,exact_haar_d8,Exact-Haar-D8,normalized_complex_gaussian,complex64,PennyLane/StatePrep computational basis order,qml.StatePrep,MottonenStatePreparation,20260512,2018255730,20360512,12,False,record_only,uniform,16,11,drop_extra,"[1, 1, 1, 1, 1, 1, 1, 1, 1, 1, 1]",0.6875,0.6023463528027668,0.11586419720245492,0.08001492494075761,0.2982657401400293,55,0.10893354582422227,0.6656110124239226,0.10759433958321823,0.5463250803935924,0.9135464591314939,8,-3.309198919784637e-16,3.095389555826107,11.0,0.98,False,0.602345173585467,1.1792172998070782e-06,0.5849954272535833,0.017350925549183494,0.5746535729229709,0.027692779879795903,120,22,22,22,active_gate,1095,997,blockwise_match_degree1,not_applicable_active_gate,adam,0.01,constant,1000,50,1e-06,50,abs_eval_loss_delta_le_threshold_on_eval_interval,best_over_restarts_for_row;mean_se_for_figure;median_iqr_in_summary,6,24,6,6,24,6,1000,900,1000,threshold,threshold,max_steps,95.01956454850733,93.46149775385857,82.78122808411717
9,3,8,11,1.375,exact_haar_d8,Exact-Haar-D8,normalized_complex_gaussian,complex64,PennyLane/StatePrep computational basis order,qml.StatePrep,MottonenStatePreparation,20260513,139065776,20360513,12,False,record_only,uniform,16,11,drop_extra,"[1, 1, 1, 1, 1, 1, 1, 1, 1, 1, 1]",0.6875,0.6167300865276847,0.11063760017071138,0.10638982585477509,0.3989335983285742,55,0.11232679419722144,0.7086550774995033,0.11171119210480553,0.5429056412784701,0.9108928379968311,8,-2.5301285683434346e-16,3.004170719087004,11.0,0.98,False,0.61672959408768,4.9244000466242e-07,0.4990404539478309,0.11768963257985376,0.5836155898583818,0.033114496669302884,120,22,22,22,active_gate,1095,997,blockwise_match_degree1,not_applicable_active_gate,adam,0.01,constant,1000,50,1e-06,50,abs_eval_loss_delta_le_threshold_on_eval_interval,best_over_restarts_for_row;mean_se_for_figure;median_iqr_in_summary,31,32,38,31,32,38,550,700,1000,threshold,threshold,max_steps,56.75495367310941,72.89430195651948,74.49940868467093
0,3,8,12,1.5,exact_haar_d8,Exact-Haar-D8,normalized_complex_gaussian,complex64,PennyLane/StatePrep computational basis order,qml.StatePrep,MottonenStatePreparation,20260504,1994040886,20360504,12,False,record_only,uniform,16,12,drop_extra,"[1, 1, 1, 1, 1, 1, 1, 1, 1, 1, 1, 1]",0.75,0.5717841651517156,0.12603837638397503,0.12462235040859714,0.5482038447204779,66,0.11213170233096574,0.6660073409422931,0.09860314046339941,0.5179344547405395,0.9136119037010356,8,-4.44483727760006e-16,3.929241791517742,12.0,0.98,False,0.5717826731778224,1.4919738932084314e-06,0.5360046874502868,0.03577947770142875,0.5627183293365545,0.009065835815161072,120,22,22,22,active_gate,1095,997,blockwise_match_degree1,not_applicable_active_gate,adam,0.01,constant,1000,50,1e-06,50,abs_eval_loss_delta_le_threshold_on_eval_interval,best_over_restarts_for_row;mean_se_for_figure;median_iqr_in_summary,13,44,27,13,44,27,950,550,1000,threshold,threshold,max_steps,97.21729867905378,59.69801634736359,76.49719496071339
1,3,8,12,1.5,exact_haar_d8,Exact-Haar-D8,normalized_complex_gaussian,complex64,PennyLane/StatePrep computational basis order,qml.StatePrep,MottonenStatePreparation,20260505,980209883,20360505,12,False,record_only,uniform,16,12,drop_extra,"[1, 1, 1, 1, 1, 1, 1, 1, 1, 1, 1, 1]",0.75,0.5473049014526481,0.14296906314484592,0.11922545261664481,0.4903089904228575,66,0.11510028977081216,0.6718688176645281,0.08762586817065908,0.507816239311553,0.8374242183372436,8,-4.192724003755936e-16,4.1495946276738955,12.0,0.98,False,0.547301940657357,2.9607952910515323e-06,0.5065929839365466,0.04071191751610148,0.5407539693767272,0.0065509320759209455,120,22,22,22,active_gate,1095,997,blockwise_match_degree1,not_applicable_active_gate,adam,0.01,constant,1000,50,1e-06,50,abs_eval_loss_delta_le_threshold_on_eval_interval,best_over_restarts_for_row;mean_se_for_figure;median_iqr_in_summary,16,3,16,16,3,16,1000,900,1000,max_steps,threshold,max_steps,103.02238493412733,99.78187480382621,79.5517752468586
2,3,8,12,1.5,exact_haar_d8,Exact-Haar-D8,normalized_complex_gaussian,complex64,PennyLane/StatePrep computational basis order,qml.StatePrep,MottonenStatePreparation,20260506,768071746,20360506,12,False,record_only,uniform,16,12,drop_extra,"[1, 1, 1, 1, 1, 1, 1, 1, 1, 1, 1, 1]",0.75,0.5565614312479814,0.12919255778233257,0.11964109900249933,0.46366453582540484,66,0.11175431709379494,0.6832598237699654,0.1189708115567925,0.5198565128697962,0.8932220019841997,8,-4.037112996793819e-16,3.7869192979386166,12.0,0.98,False,0.5565601278054879,1.3034424934943445e-06,0.47680160486490064,0.07975982638308077,0.5477224982850901,0.008838932962891288,120,22,22,22,active_gate,1095,997,blockwise_match_degree1,not_applicable_active_gate,adam,0.01,constant,1000,50,1e-06,50,abs_eval_loss_delta_le_threshold_on_eval_interval,best_over_restarts_for_row;mean_se_for_figure;median_iqr_in_summary,48,20,37,48,20,37,900,450,1000,threshold,threshold,max_steps,82.15185797214508,47.17609472759068,76.91929847933352
3,3,8,12,1.5,exact_haar_d8,Exact-Haar-D8,normalized_complex_gaussian,complex64,PennyLane/StatePrep computational basis order,qml.StatePrep,MottonenStatePreparation,20260507,1734564141,20360507,12,False,record_only,uniform,16,12,drop_extra,"[1, 1, 1, 1, 1, 1, 1, 1, 1, 1, 1, 1]",0.75,0.582317013875149,0.10572679094449951,0.10274371372706415,0.6024885223108558,66,0.10325655628102992,0.641389346361543,0.09914516143080751,0.5020492940641329,0.8655061658285882,8,-2.886011279682105e-16,3.1431755952512703,12.0,0.98,False,0.582317451259468,-4.3738431898532326e-07,0.46336892448962963,0.11894808938551937,0.5688022909709327,0.013514722904216292,120,22,22,22,active_gate,1095,997,blockwise_match_degree1,not_applicable_active_gate,adam,0.01,constant,1000,50,1e-06,50,abs_eval_loss_delta_le_threshold_on_eval_interval,best_over_restarts_for_row;mean_se_for_figure;median_iqr_in_summary,48,46,22,48,46,22,950,750,1000,threshold,threshold,max_steps,84.32157518714666,81.78750436194241,79.40193436853588
4,3,8,12,1.5,exact_haar_d8,Exact-Haar-D8,normalized_complex_gaussian,complex64,PennyLane/StatePrep computational basis order,qml.StatePrep,MottonenStatePreparation,20260508,636702486,20360508,12,False,record_only,uniform,16,12,drop_extra,"[1, 1, 1, 1, 1, 1, 1, 1, 1, 1, 1, 1]",0.75,0.5746871778798268,0.12538794079124968,0.11285150030540012,0.5055975309002197,66,0.10941946374896212,0.660797208992023,0.10109854837322772,0.5200013282227103,0.8654667839651747,8,-4.548925572635659e-16,3.750344900360999,11.999999999999998,0.98,False,0.574688071118626,-8.932387991489321e-07,0.3139699398453407,0.2607172380344861,0.5680275024208541,0.006659675458972725,120,22,22,22,active_gate,1095,997,blockwise_match_degree1,not_applicable_active_gate,adam,0.01,constant,1000,50,1e-06,50,abs_eval_loss_delta_le_threshold_on_eval_interval,best_over_restarts_for_row;mean_se_for_figure;median_iqr_in_summary,41,42,16,41,42,16,750,400,1000,threshold,threshold,max_steps,68.7287216745317,43.57154945097864,84.61414090916514
5,3,8,12,1.5,exact_haar_d8,Exact-Haar-D8,normalized_complex_gaussian,complex64,PennyLane/StatePrep computational basis order,qml.StatePrep,MottonenStatePreparation,20260509,1157600670,20360509,12,False,record_only,uniform,16,12,drop_extra,"[1, 1, 1, 1, 1, 1, 1, 1, 1, 1, 1, 1]",0.75,0.5558504364635045,0.13784699589097632,0.08238577921398796,0.3275899896506685,66,0.10697344331845758,0.6370501999689883,0.08676373823506177,0.516244827675697,0.9486276922835677,8,-2.234488868658336e-16,4.021740566514707,12.0,0.98,False,0.555846708869066,3.7275944385628534e-06,0.5128829491424726,0.04296748732103195,0.543508296586058,0.012342139877446479,120,22,22,22,active_gate,1095,997,blockwise_match_degree1,not_applicable_active_gate,adam,0.01,constant,1000,50,1e-06,50,abs_eval_loss_delta_le_threshold_on_eval_interval,best_over_restarts_for_row;mean_se_for_figure;median_iqr_in_summary,37,11,24,37,11,24,700,850,1000,threshold,threshold,max_steps,65.03203419409692,94.56045297533274,80.52691460773349
6,3,8,12,1.5,exact_haar_d8,Exact-Haar-D8,normalized_complex_gaussian,complex64,PennyLane/StatePrep computational basis order,qml.StatePrep,MottonenStatePreparation,20260510,569379569,20360510,12,False,record_only,uniform,16,12,drop_extra,"[1, 1, 1, 1, 1, 1, 1, 1, 1, 1, 1, 1]",0.75,0.591235425807932,0.10267504442530984,0.08829442462922112,0.4087999877910607,66,0.10014323098764917,0.6881951316221518,0.11250677349666446,0.5079796577040934,0.9311843966043041,8,-4.675020911185505e-16,3.0983040808154954,12.0,0.98,False,0.5912365731540574,-1.1473461254407624e-06,0.5602045987301023,0.03103082707782967,0.580302480092026,0.010932945715905973,120,22,22,22,active_gate,1095,997,blockwise_match_degree1,not_applicable_active_gate,adam,0.01,constant,1000,50,1e-06,50,abs_eval_loss_delta_le_threshold_on_eval_interval,best_over_restarts_for_row;mean_se_for_figure;median_iqr_in_summary,34,25,37,34,25,37,1000,650,1000,max_steps,threshold,max_steps,94.45451539754868,70.84032282419503,74.45982910133898
7,3,8,12,1.5,exact_haar_d8,Exact-Haar-D8,normalized_complex_gaussian,complex64,PennyLane/StatePrep computational basis order,qml.StatePrep,MottonenStatePreparation,20260511,281726802,20360511,12,False,record_only,uniform,16,12,drop_extra,"[1, 1, 1, 1, 1, 1, 1, 1, 1, 1, 1, 1]",0.75,0.5616716011804832,0.13375695824150471,0.1109899131425475,0.42757984952520106,66,0.11102554430595903,0.6736094093869331,0.10266620705944401,0.513394502924124,0.8757585790542362,8,-4.916382904799613e-16,3.7867085217481136,12.0,0.98,False,0.5616728078989225,-1.2067184392838826e-06,0.45936248721438866,0.10230911396609454,0.5502854197374369,0.011386181443046262,120,22,22,22,active_gate,1095,997,blockwise_match_degree1,not_applicable_active_gate,adam,0.01,constant,1000,50,1e-06,50,abs_eval_loss_delta_le_threshold_on_eval_interval,best_over_restarts_for_row;mean_se_for_figure;median_iqr_in_summary,11,46,18,11,46,18,850,300,1000,threshold,threshold,max_steps,91.51530130393803,31.803727332502604,79.91128632612526
8,3,8,12,1.5,exact_haar_d8,Exact-Haar-D8,normalized_complex_gaussian,complex64,PennyLane/StatePrep computational basis order,qml.StatePrep,MottonenStatePreparation,20260512,2018255730,20360512,12,False,record_only,uniform,16,12,drop_extra,"[1, 1, 1, 1, 1, 1, 1, 1, 1, 1, 1, 1]",0.75,0.5595150524553907,0.11842477981481883,0.0773331216215165,0.2982657401400293,66,0.10167110349275692,0.6716091659892085,0.10501330556313059,0.5463250803935924,0.9135464591314939,8,-1.8603606752573213e-16,3.3428352275897883,12.0,0.98,False,0.5595115413772037,3.511078186968497e-06,0.4798622292726896,0.07965282318270106,0.5496580434990335,0.009857008956357216,120,22,22,22,active_gate,1095,997,blockwise_match_degree1,not_applicable_active_gate,adam,0.01,constant,1000,50,1e-06,50,abs_eval_loss_delta_le_threshold_on_eval_interval,best_over_restarts_for_row;mean_se_for_figure;median_iqr_in_summary,3,12,28,3,12,28,1000,550,1000,max_steps,threshold,max_steps,102.27558522485197,61.359460515901446,73.7056747879833
9,3,8,12,1.5,exact_haar_d8,Exact-Haar-D8,normalized_complex_gaussian,complex64,PennyLane/StatePrep computational basis order,qml.StatePrep,MottonenStatePreparation,20260513,139065776,20360513,12,False,record_only,uniform,16,12,drop_extra,"[1, 1, 1, 1, 1, 1, 1, 1, 1, 1, 1, 1]",0.75,0.5697028993357305,0.11812193229501275,0.11142724660076596,0.39893359832857433,66,0.10750475365962421,0.7108488236795986,0.10754724007126255,0.5429056412784701,0.9108928379968311,8,-1.588011680696157e-16,3.3541613925595506,12.0,0.98,False,0.5697020124889445,8.868467860079221e-07,0.5206938444474072,0.0490090548883233,0.5544057646569471,0.015297134678783353,120,22,22,22,active_gate,1095,997,blockwise_match_degree1,not_applicable_active_gate,adam,0.01,constant,1000,50,1e-06,50,abs_eval_loss_delta_le_threshold_on_eval_interval,best_over_restarts_for_row;mean_se_for_figure;median_iqr_in_summary,30,6,18,30,6,18,850,750,1000,threshold,threshold,max_steps,81.61218351498246,82.6047964785248,79.19535974040627
